Width,Length,Treatment,Genotype,Plant,Date,Ratio
1.270694766,7.033619762,UV,bg1,1,23.06.14,0.180660145
1.398160252,9.487144736,UV,bg1,1,23.06.14,0.147374188
2.32358443,8.291444227,UV,bg1,1,23.06.14,0.280238806
1.670664135,7.672927238,UV,bg1,1,23.06.14,0.217734912
2.714148579,7.5261563,UV,bg1,1,23.06.14,0.360628782
2.258737911,11.3253703,UV,bg1,1,23.06.14,0.199440535
2.643114415,7.527641335,UV,bg1,1,23.06.14,0.351121194
2.950516616,7.115791687,UV,bg1,1,23.06.14,0.414643478
1.185800277,8.669138074,UV,bg1,1,23.06.14,0.136784103
2.625293997,5.240935269,UV,bg1,1,23.06.14,0.500920897
3.527205125,8.917881401,UV,bg1,2,23.06.14,0.395520524
2.278043363,5.804010959,UV,bg1,2,23.06.14,0.39249467
4.393227911,10.62492889,UV,bg1,2,23.06.14,0.413483041
2.444367259,9.407695375,UV,bg1,2,23.06.14,0.259826361
3.246038538,7.147224923,UV,bg1,2,23.06.14,0.454167677
3.562103442,7.756831703,UV,bg1,2,23.06.14,0.459221442
6.200515247,9.604462484,UV,bg1,2,23.06.14,0.645586909
2.358730253,10.09650401,UV,bg1,2,23.06.14,0.233618513
2.44312973,7.709558096,UV,bg1,2,23.06.14,0.316896209
1.544683684,9.349779018,UV,bg1,2,23.06.14,0.165210716
2.418874162,10.38534328,WL,bg1,1,23.06.14,0.232912297
2.676527698,9.450266372,WL,bg1,1,23.06.14,0.283222461
3.979150711,9.451256395,WL,bg1,1,23.06.14,0.421018174
3.032936046,7.940976017,WL,bg1,1,23.06.14,0.381934921
1.688979564,9.622777913,WL,bg1,1,23.06.14,0.175518918
1.958018367,7.80534284,WL,bg1,1,23.06.14,0.250856164
3.697241608,9.947010508,WL,bg1,1,23.06.14,0.371693747
1.516220517,9.171079832,WL,bg1,1,23.06.14,0.165326281
2.06444586,12.2433693,WL,bg1,1,23.06.14,0.168617462
2.588663139,6.765818489,WL,bg1,1,23.06.14,0.382609014
1.461026724,6.999711468,WL,Col-0,2,23.06.14,0.208726707
2.228047192,5.899300691,WL,Col-0,2,23.06.14,0.377679883
1.268962225,7.49670311,WL,Col-0,2,23.06.14,0.169269372
1.039524351,10.23436474,WL,Col-0,2,23.06.14,0.101571947
1.776844123,12.41860341,WL,Col-0,2,23.06.14,0.143079223
2.674795157,9.404725305,WL,Col-0,2,23.06.14,0.284409706
1.695414715,5.251578018,WL,Col-0,2,23.06.14,0.322839099
2.518371493,9.990324023,WL,Col-0,2,23.06.14,0.252081062
2.833446373,6.98486112,WL,Col-0,2,23.06.14,0.405655363
3.194309827,11.94487731,WL,Col-0,2,23.06.14,0.267420899
2.142905197,9.82969276,WL,bg1,3,23.06.14,0.218003273
1.609035192,8.955254777,WL,bg1,3,23.06.14,0.179674977
1.567701723,6.600979628,WL,bg1,3,23.06.14,0.237495313
3.438103037,10.46429763,WL,bg1,3,23.06.14,0.328555548
0.884833227,7.081635887,WL,bg1,3,23.06.14,0.124947574
0.764050398,7.503880778,WL,bg1,3,23.06.14,0.101820701
1.114271102,7.119009263,WL,bg1,3,23.06.14,0.15652053
2.177060998,10.08016863,WL,bg1,3,23.06.14,0.215974661
1.068482529,12.3287588,WL,bg1,3,23.06.14,0.086665864
1.809514888,7.096733741,WL,bg1,3,23.06.14,0.254978551
2.599553394,10.21753435,WL,Col-0,3,23.06.14,0.254420813
2.221612041,9.359184239,WL,Col-0,3,23.06.14,0.237372402
3.034421081,6.107205561,WL,Col-0,3,23.06.14,0.496859169
1.699127302,6.362384039,WL,Col-0,3,23.06.14,0.267058274
2.885422591,10.82961618,WL,Col-0,3,23.06.14,0.266438121
2.35303762,8.698096253,WL,Col-0,3,23.06.14,0.270523291
1.901339539,5.131042694,WL,Col-0,3,23.06.14,0.370556172
2.705980887,7.43779673,WL,Col-0,3,23.06.14,0.363814848
0.861815188,7.833063489,WL,Col-0,3,23.06.14,0.11002275
1.218718548,11.28081925,WL,Col-0,3,23.06.14,0.108034578
0.626437174,9.426505816,PreDawn,bg1,1,23.06.14,0.066454865
0.861815188,7.422946382,PreDawn,bg1,1,23.06.14,0.116101497
0.561095644,9.784399199,PreDawn,bg1,1,23.06.14,0.057345948
1.093728121,7.598180487,PreDawn,bg1,1,23.06.14,0.143946057
0.818749179,9.051534532,PreDawn,bg1,1,23.06.14,0.090454185
0.484368846,9.221571015,PreDawn,bg1,1,23.06.14,0.052525632
0.813551557,9.947753026,PreDawn,bg1,1,23.06.14,0.081782444
1.240251553,7.089061061,PreDawn,bg1,1,23.06.14,0.174952866
1.499390123,5.784458001,PreDawn,bg1,1,23.06.14,0.259210132
0.610101792,9.603719967,PreDawn,bg1,1,23.06.14,0.063527653
4.112061325,13.57420798,UV,Col-0,2,23.06.14,0.302931952
3.117830535,6.580436646,UV,Col-0,2,23.06.14,0.473802986
3.261136392,8.311987208,UV,Col-0,2,23.06.14,0.392341363
1.807534841,6.907391805,UV,Col-0,2,23.06.14,0.261681238
3.820499495,9.6606463,UV,Col-0,2,23.06.14,0.395470383
3.287372007,11.26275133,UV,Col-0,2,23.06.14,0.291880013
3.19059724,7.984289532,UV,Col-0,2,23.06.14,0.399609411
3.097782565,11.87978328,UV,Col-0,2,23.06.14,0.260760865
1.79466454,10.59250563,UV,Col-0,2,23.06.14,0.169427764
3.267076531,8.61344927,UV,Col-0,2,23.06.14,0.379299445
2.811418357,8.175116502,WL,bg1,2,23.06.14,0.343899485
2.483720681,8.745122354,WL,bg1,2,23.06.14,0.284012113
4.486042585,10.6425018,WL,bg1,2,23.06.14,0.421521431
1.783031767,11.25012853,WL,bg1,2,23.06.14,0.158489902
2.9114107,8.415939643,WL,bg1,2,23.06.14,0.345940064
2.723058788,7.332111754,WL,bg1,2,23.06.14,0.371388064
1.868916279,12.7257581,WL,bg1,2,23.06.14,0.146860899
2.504758674,10.26307541,WL,bg1,2,23.06.14,0.244055371
1.39296263,9.101035691,WL,bg1,2,23.06.14,0.153055397
2.524311632,8.686710986,WL,bg1,2,23.06.14,0.290594638
2.657717257,6.874473534,PreDawn,bg1,2,23.06.14,0.386606661
0.816769133,11.02588828,PreDawn,bg1,2,23.06.14,0.0740774
0.634852371,12.72204551,PreDawn,bg1,2,23.06.14,0.049901753
0.660097963,10.53260923,PreDawn,bg1,2,23.06.14,0.062671836
1.586512164,6.878433627,PreDawn,bg1,2,23.06.14,0.23065021
0.746972498,11.15582882,PreDawn,bg1,2,23.06.14,0.066958046
1.727095457,6.169082011,PreDawn,bg1,2,23.06.14,0.27995988
1.593937338,6.076267336,PreDawn,bg1,2,23.06.14,0.262321792
1.135804106,7.536304038,PreDawn,bg1,2,23.06.14,0.150711025
0.910326324,9.399527684,PreDawn,bg1,2,23.06.14,0.096848092
4.113793865,8.084034368,UV,Col-0,3,23.06.14,0.508878819
3.496019394,11.35680353,UV,Col-0,3,23.06.14,0.307834804
2.576287849,8.823334186,UV,Col-0,3,23.06.14,0.29198575
2.920568414,6.322535605,UV,Col-0,3,23.06.14,0.461929928
4.339024141,13.38239098,UV,Col-0,3,23.06.14,0.324233849
2.539409486,8.604291555,UV,Col-0,3,23.06.14,0.295132896
2.214929385,11.35061589,UV,Col-0,3,23.06.14,0.195137375
2.321109372,8.49860658,UV,Col-0,3,23.06.14,0.273116463
4.144484584,13.07226622,UV,Col-0,3,23.06.14,0.317044078
2.371600555,11.1976573,UV,Col-0,3,23.06.14,0.21179435
3.44033059,9.162417129,UV,bg1,3,23.06.14,0.37548286
2.913638252,10.37173046,UV,bg1,3,23.06.14,0.280921131
3.032193529,10.79818295,UV,bg1,3,23.06.14,0.280805904
2.809190805,8.225607685,UV,bg1,3,23.06.14,0.341517723
7.463784839,12.36489465,UV,bg1,3,23.06.14,0.603627047
2.325564476,9.721780232,UV,bg1,3,23.06.14,0.239211793
3.371523978,9.125786271,UV,bg1,3,23.06.14,0.369450245
2.436199568,10.80437059,UV,bg1,3,23.06.14,0.225482785
2.610691155,6.368819189,UV,bg1,3,23.06.14,0.409917612
4.12765419,9.747768341,UV,bg1,3,23.06.14,0.423446069
2.442634719,8.433512555,WL,Col-0,1,23.06.14,0.289634325
1.161297203,11.19938985,WL,Col-0,1,23.06.14,0.103692899
0.744002428,9.205483138,WL,Col-0,1,23.06.14,0.08082166
2.042912855,4.420948561,WL,Col-0,1,23.06.14,0.462098309
1.5837896,6.399757414,WL,Col-0,1,23.06.14,0.247476505
1.512012919,7.088566049,WL,Col-0,1,23.06.14,0.213303073
0.849687404,6.715574812,WL,Col-0,1,23.06.14,0.126524896
2.665142431,8.306294575,WL,Col-0,1,23.06.14,0.320858164
2.540399509,7.883802178,WL,Col-0,1,23.06.14,0.322230245
1.37118212,6.606672261,WL,Col-0,1,23.06.14,0.207545049
1.881786581,6.986841166,PreDawn,Col-0,3,23.06.14,0.269332955
1.860748588,7.231129389,PreDawn,Col-0,3,23.06.14,0.257324754
1.51077539,5.54833747,PreDawn,Col-0,3,23.06.14,0.272293349
1.066502483,6.693051784,PreDawn,Col-0,3,23.06.14,0.159344723
1.575869415,7.373692728,PreDawn,Col-0,3,23.06.14,0.213715091
1.212778409,6.973475853,PreDawn,Col-0,3,23.06.14,0.173913043
0.869487868,4.880814333,PreDawn,Col-0,3,23.06.14,0.178144016
1.581809554,6.638600509,PreDawn,Col-0,3,23.06.14,0.238274551
1.695909727,7.755099163,PreDawn,Col-0,3,23.06.14,0.218683177
0.433630158,12.00823879,PreDawn,Col-0,3,23.06.14,0.036111054
1.343213965,6.984366109,PreDawn,Col-0,1,23.06.14,0.192317233
1.14793189,8.124625319,PreDawn,Col-0,1,23.06.14,0.141290441
1.018733864,5.879747733,PreDawn,Col-0,1,23.06.14,0.173261492
1.280842504,7.233604447,PreDawn,Col-0,1,23.06.14,0.177068364
0.895475976,10.2412949,PreDawn,Col-0,1,23.06.14,0.087437769
2.884432568,14.24668123,PreDawn,Col-0,1,23.06.14,0.202463474
1.605322605,8.64760507,PreDawn,Col-0,1,23.06.14,0.185637826
2.100581706,6.765323477,PreDawn,Col-0,1,23.06.14,0.310492427
1.447413906,7.09326866,PreDawn,Col-0,1,23.06.14,0.204054573
2.415904092,7.481110245,PreDawn,Col-0,1,23.06.14,0.322933898
0.721479401,8.357775781,PreDawn,Col-0,2,23.06.14,0.086324331
1.455334091,5.790645646,PreDawn,Col-0,2,23.06.14,0.251325013
0.936314433,5.103074539,PreDawn,Col-0,2,23.06.14,0.183480454
1.041009386,5.763915019,PreDawn,Col-0,2,23.06.14,0.180608038
1.692444645,6.215860606,PreDawn,Col-0,2,23.06.14,0.27227841
1.014773771,8.163978741,PreDawn,Col-0,2,23.06.14,0.124298924
0.936314433,5.239202728,PreDawn,Col-0,2,23.06.14,0.178713152
1.801842208,10.37098794,PreDawn,Col-0,2,23.06.14,0.173738724
1.19916559,7.000701491,PreDawn,Col-0,2,23.06.14,0.171292204
1.080857819,7.458587217,PreDawn,Col-0,2,23.06.14,0.144914551
1.90480462,6.746265531,UV,Col-0,1,23.06.14,0.282349488
2.860424505,8.417177172,UV,Col-0,1,23.06.14,0.339831804
1.948860652,8.600578968,UV,Col-0,1,23.06.14,0.226596449
2.517628975,8.726311914,UV,Col-0,1,23.06.14,0.288510083
2.847554204,8.234270387,UV,Col-0,1,23.06.14,0.345817428
3.450478327,8.809473862,UV,Col-0,1,23.06.14,0.391678139
2.508966272,8.458758146,UV,Col-0,1,23.06.14,0.296611657
2.840376536,10.25020511,UV,Col-0,1,23.06.14,0.277104361
3.962072811,11.84612249,UV,Col-0,1,23.06.14,0.334461577
3.369543931,10.48558312,UV,Col-0,1,23.06.14,0.321350171
0.498971688,12.01145637,PreDawn,bg1,3,23.06.14,0.041541315
1.294702828,8.183531699,PreDawn,bg1,3,23.06.14,0.158208323
1.215748479,9.307455527,PreDawn,bg1,3,23.06.14,0.130620928
1.550623823,6.975208394,PreDawn,bg1,3,23.06.14,0.222305017
1.659031363,9.28196243,PreDawn,bg1,3,23.06.14,0.178737134
2.216909431,7.132622081,PreDawn,bg1,3,23.06.14,0.310812687
2.264430544,7.266275212,PreDawn,bg1,3,23.06.14,0.31163567
1.87238136,9.507935223,PreDawn,bg1,3,23.06.14,0.196928283
1.639973416,9.390122463,PreDawn,bg1,3,23.06.14,0.174648778
1.981036406,5.38399362,PreDawn,bg1,3,23.06.14,0.367949248
1.896141934,10.41355903,PreDawn,bg1,1,25.10.23,0.182083947
0.996210845,5.097134445,PreDawn,bg1,1,25.10.23,0.195445275
1.765211366,5.439929978,PreDawn,bg1,1,25.10.23,0.32449156
0.39130667,8.824571793,PreDawn,bg1,1,25.10.23,0.044342851
0.879883119,9.839098067,PreDawn,bg1,1,25.10.23,0.089427213
1.225896227,7.924145693,PreDawn,bg1,1,25.10.23,0.154703898
0.961560033,6.955655497,PreDawn,bg1,1,25.10.23,0.138241469
1.072690137,7.631841343,PreDawn,bg1,1,25.10.23,0.140554565
1.141249244,5.109757241,PreDawn,bg1,1,25.10.23,0.223347057
1.99539176,7.043767562,PreDawn,bg1,1,25.10.23,0.283284725
2.767114844,6.027261242,WL,Col-0,3,25.10.23,0.459099869
2.312199184,9.141131711,WL,Col-0,3,25.10.23,0.252944521
3.50517714,12.48567759,WL,Col-0,3,25.10.23,0.280735836
2.254282826,7.691985252,WL,Col-0,3,25.10.23,0.293069052
2.454762524,12.36043965,WL,Col-0,3,25.10.23,0.198598318
1.814712526,7.908057816,WL,Col-0,3,25.10.23,0.229476386
2.518124009,10.41949917,WL,Col-0,3,25.10.23,0.241674189
3.770008346,10.87070224,WL,Col-0,3,25.10.23,0.34680449
2.167655796,7.568479858,WL,Col-0,3,25.10.23,0.286405703
2.324821979,9.684159437,WL,Col-0,3,25.10.23,0.240064406
1.417713222,7.141284847,PreDawn,Col-0,3,25.10.23,0.19852355
1.92114002,6.958130555,PreDawn,Col-0,3,25.10.23,0.276100025
1.465976853,9.630698184,PreDawn,Col-0,3,25.10.23,0.152219167
1.881539092,9.859393543,PreDawn,Col-0,3,25.10.23,0.190837203
1.185800288,10.73036645,PreDawn,Col-0,3,25.10.23,0.110508834
1.29173277,10.46974285,PreDawn,Col-0,3,25.10.23,0.123377698
0.834589558,8.4151972,PreDawn,Col-0,3,25.10.23,0.099176471
0.889783351,7.811530554,PreDawn,Col-0,3,25.10.23,0.113906403
2.501046109,8.225360251,PreDawn,Col-0,3,25.10.23,0.304065236
1.928070182,12.48047997,PreDawn,Col-0,3,25.10.23,0.154486862
2.04192285,5.879005267,WL,bg1,2,25.10.23,0.347324548
1.361529406,9.869293775,WL,bg1,2,25.10.23,0.137956113
1.399150287,11.20632011,WL,bg1,2,25.10.23,0.124853678
2.379273255,8.541672664,WL,bg1,2,25.10.23,0.278548868
1.939207943,10.00542197,WL,bg1,2,25.10.23,0.193815708
1.975838801,10.28089592,WL,bg1,2,25.10.23,0.192185469
1.704324939,9.961365933,WL,bg1,2,25.10.23,0.171093498
2.203791643,9.627728114,WL,bg1,2,25.10.23,0.228900486
1.947128129,8.428315007,WL,bg1,2,25.10.23,0.23102223
1.63056821,7.631346331,WL,bg1,2,25.10.23,0.213667175
4.432828878,12.44558165,UV,bg1,1,25.10.23,0.356176915
3.965042916,8.550582873,UV,bg1,1,25.10.23,0.463716097
2.016924764,11.28997707,UV,bg1,1,25.10.23,0.178647375
3.372266525,10.52023403,UV,bg1,1,25.10.23,0.320550523
2.94061641,10.36999801,UV,bg1,1,25.10.23,0.283569621
3.78213613,8.505041805,UV,bg1,1,25.10.23,0.44469342
2.571585262,5.756242391,UV,bg1,1,25.10.23,0.446747216
4.14572215,10.92267846,UV,bg1,1,25.10.23,0.379551789
4.40090063,7.823658338,UV,bg1,1,25.10.23,0.562511863
3.715309564,10.67294511,UV,bg1,1,25.10.23,0.348105375
1.486272329,6.663846159,PreDawn,bg1,2,25.10.23,0.22303521
1.292475288,6.990058804,PreDawn,bg1,2,25.10.23,0.184901919
0.47323109,10.60760358,PreDawn,bg1,2,25.10.23,0.044612441
2.746076851,9.536893486,PreDawn,bg1,2,25.10.23,0.287942489
2.104046806,9.658666339,PreDawn,bg1,2,25.10.23,0.217840303
1.851343384,8.055076261,PreDawn,bg1,2,25.10.23,0.229835612
1.546168733,7.343744592,PreDawn,bg1,2,25.10.23,0.21054228
1.733035612,8.878528058,PreDawn,bg1,2,25.10.23,0.195194023
0.743754929,8.888923301,PreDawn,bg1,2,25.10.23,0.083672106
2.006282015,9.001043429,PreDawn,bg1,2,25.10.23,0.222894382
2.539409508,12.81015769,WL,Col-0,1,25.10.23,0.198234055
2.308981608,11.13652347,WL,Col-0,1,25.10.23,0.207334148
3.83336983,10.08709888,WL,Col-0,1,25.10.23,0.380026991
2.859187002,8.830264427,WL,Col-0,1,25.10.23,0.323794041
2.537924473,10.83605143,WL,Col-0,1,25.10.23,0.234211188
1.999599358,9.104253347,WL,Col-0,1,25.10.23,0.219633536
1.981036423,9.723017847,WL,Col-0,1,25.10.23,0.203747073
2.588910668,9.769796443,WL,Col-0,1,25.10.23,0.26499126
2.79211293,7.299441054,WL,Col-0,1,25.10.23,0.382510511
2.501046109,8.805018835,WL,Col-0,1,25.10.23,0.284047786
2.32655452,9.177020052,PreDawn,bg1,3,25.10.23,0.253519607
1.790704463,7.040302481,PreDawn,bg1,3,25.10.23,0.254350501
1.725857943,12.12605166,PreDawn,bg1,3,25.10.23,0.142326455
2.652519659,10.50290862,PreDawn,bg1,3,25.10.23,0.25255096
1.237529,7.953351377,PreDawn,bg1,3,25.10.23,0.155598432
1.476619603,8.830511932,PreDawn,bg1,3,25.10.23,0.167217893
1.181345183,6.432428236,PreDawn,bg1,3,25.10.23,0.183654623
1.616955391,8.796356132,PreDawn,bg1,3,25.10.23,0.183821047
1.137536657,10.52642167,PreDawn,bg1,3,25.10.23,0.108064895
1.652101215,7.712528234,PreDawn,bg1,3,25.10.23,0.21421007
3.259898892,12.2215889,UV,bg1,3,25.10.23,0.266732822
2.933191236,9.760391223,UV,bg1,3,25.10.23,0.300519843
4.077410549,12.67378199,UV,bg1,3,25.10.23,0.321720111
3.423005214,10.74818687,UV,bg1,3,25.10.23,0.318472804
2.515401445,9.66213142,UV,bg1,3,25.10.23,0.260336083
3.137631027,7.538284151,UV,bg1,3,25.10.23,0.416226155
2.802013162,7.736783802,UV,bg1,3,25.10.23,0.362167696
3.210397732,7.340279511,UV,bg1,3,25.10.23,0.437367232
3.191587291,9.136924113,UV,bg1,3,25.10.23,0.349306534
3.869258171,13.58683089,UV,bg1,3,25.10.23,0.284780035
3.254453764,6.605682296,UV,bg1,2,25.10.23,0.492674885
3.190349762,13.29873414,UV,bg1,2,25.10.23,0.239898755
2.512926387,9.986611524,UV,bg1,2,25.10.23,0.251629532
2.435457072,7.528631424,UV,bg1,2,25.10.23,0.323492669
3.259156374,10.74744435,UV,bg1,2,25.10.23,0.30324943
2.525054172,12.29287057,UV,bg1,2,25.10.23,0.205408017
2.822061132,12.83466076,UV,bg1,2,25.10.23,0.219878124
3.400977198,9.082225331,UV,bg1,2,25.10.23,0.374465186
3.045311363,11.69638159,UV,bg1,2,25.10.23,0.260363544
5.389438795,13.44327753,UV,bg1,2,25.10.23,0.400902145
1.494192515,7.978844475,PreDawn,Col-0,1,25.10.23,0.187269287
1.134319081,6.74453305,PreDawn,Col-0,1,25.10.23,0.168183486
2.361205332,9.516102998,PreDawn,Col-0,1,25.10.23,0.248127341
1.266487179,8.55132539,PreDawn,Col-0,1,25.10.23,0.148104197
1.050167109,7.988744707,PreDawn,Col-0,1,25.10.23,0.131455835
0.50738689,7.716735832,PreDawn,Col-0,1,25.10.23,0.065751491
1.115508641,6.60073218,PreDawn,Col-0,1,25.10.23,0.168997713
1.72957053,10.26530306,PreDawn,Col-0,1,25.10.23,0.16848704
1.395932712,6.658401032,PreDawn,Col-0,1,25.10.23,0.20964984
2.087463917,6.971495869,PreDawn,Col-0,1,25.10.23,0.299428409
4.022959273,9.972998705,UV,Col-0,2,25.10.23,0.403385119
2.815873487,9.176772547,UV,Col-0,2,25.10.23,0.306847911
3.423747731,17.37762972,UV,Col-0,2,25.10.23,0.19702041
4.119486535,8.599836527,UV,Col-0,2,25.10.23,0.479019168
4.409315827,14.17490467,UV,Col-0,2,25.10.23,0.311064937
3.478941525,9.560159031,UV,Col-0,2,25.10.23,0.363899964
2.770084914,7.756089255,UV,Col-0,2,25.10.23,0.357149695
2.477533058,10.96153687,UV,Col-0,2,25.10.23,0.226020592
2.77973764,6.017608515,UV,Col-0,2,25.10.23,0.461933945
2.592870761,6.628947841,UV,Col-0,2,25.10.23,0.391143636
1.919902491,8.295156887,WL,bg1,3,25.10.23,0.231448605
1.857283523,8.688196097,WL,bg1,3,25.10.23,0.213770903
1.699127317,6.658896043,WL,bg1,3,25.10.23,0.255166518
2.320614381,11.42561025,WL,bg1,3,25.10.23,0.203106384
3.476218961,7.320231541,WL,bg1,3,25.10.23,0.47487828
1.044474476,11.5216425,WL,bg1,3,25.10.23,0.090653262
3.261136421,9.717077708,WL,bg1,3,25.10.23,0.335608762
1.701849881,7.210338966,WL,bg1,3,25.10.23,0.236029109
2.179783581,8.064976493,WL,bg1,3,25.10.23,0.270277735
2.3854609,11.08553728,WL,bg1,3,25.10.23,0.215186765
3.15569895,7.460319824,WL,Col-0,2,25.10.23,0.42299781
1.978066354,9.402745342,WL,Col-0,2,25.10.23,0.21037115
1.431573547,7.643721621,WL,Col-0,2,25.10.23,0.187287504
3.658630736,8.619884497,WL,Col-0,2,25.10.23,0.424440807
1.568444255,10.82144859,WL,Col-0,2,25.10.23,0.144938475
1.287525172,7.879842155,WL,Col-0,2,25.10.23,0.163394792
2.722068788,8.348123128,WL,Col-0,2,25.10.23,0.326069554
2.669350053,10.35143507,WL,Col-0,2,25.10.23,0.257872463
2.772807477,8.666663093,WL,Col-0,2,25.10.23,0.319939456
4.616478182,9.901222023,WL,Col-0,2,25.10.23,0.466253375
3.032193556,7.414036239,UV,Col-0,1,25.10.23,0.408980137
2.479513104,8.378813847,UV,Col-0,1,25.10.23,0.295926506
2.976504751,12.70125514,UV,Col-0,1,25.10.23,0.234347292
3.764315712,9.007231074,UV,Col-0,1,25.10.23,0.417921521
3.085407303,13.95066442,UV,Col-0,1,25.10.23,0.221165617
2.334969717,11.92037434,UV,Col-0,1,25.10.23,0.19588057
3.220050458,6.428468143,UV,Col-0,1,25.10.23,0.500904786
4.24942708,14.99786146,UV,Col-0,1,25.10.23,0.283335534
2.833446398,12.43345386,UV,Col-0,1,25.10.23,0.227888922
4.141762057,11.06152921,UV,Col-0,1,25.10.23,0.374429428
2.932696224,6.807894535,WL,bg1,1,25.10.23,0.430778739
3.327220469,14.13530374,WL,bg1,1,25.10.23,0.235383726
3.411867453,13.86428489,WL,bg1,1,25.10.23,0.246090403
2.459960146,9.439623706,WL,bg1,1,25.10.23,0.260599386
2.570842745,9.88018403,WL,bg1,1,25.10.23,0.260201909
2.890867744,6.973723421,WL,bg1,1,25.10.23,0.414537195
1.852333407,6.149281601,WL,bg1,1,25.10.23,0.301227611
2.452039961,10.70017075,WL,bg1,1,25.10.23,0.229158956
3.815054401,13.89621314,WL,bg1,1,25.10.23,0.27453914
3.630167569,14.38429458,WL,bg1,1,25.10.23,0.252370219
1.966681087,12.59631268,UV,Col-0,3,25.10.23,0.156131492
2.083998836,7.318251494,UV,Col-0,3,25.10.23,0.284767316
2.716376155,8.790168487,UV,Col-0,3,25.10.23,0.309024356
2.890125227,14.07268478,UV,Col-0,3,25.10.23,0.205371276
2.575792861,11.37388153,UV,Col-0,3,25.10.23,0.226465596
1.780804231,7.273205439,UV,Col-0,3,25.10.23,0.244844484
1.565969197,7.149205033,UV,Col-0,3,25.10.23,0.219041025
1.55458393,7.697925392,UV,Col-0,3,25.10.23,0.201948428
2.382490831,11.1763719,UV,Col-0,3,25.10.23,0.213172114
3.420777662,8.073144184,UV,Col-0,3,25.10.23,0.423723098
1.930297734,6.423270522,PreDawn,Col-0,2,25.10.23,0.300516338
0.866765312,6.17823978,PreDawn,Col-0,2,25.10.23,0.140293246
0.600696577,8.237983047,PreDawn,Col-0,2,25.10.23,0.072917919
0.537830103,10.3313871,PreDawn,Col-0,2,25.10.23,0.052057879
1.730808059,9.936615353,PreDawn,Col-0,2,25.10.23,0.174184871
1.84094814,12.46835218,PreDawn,Col-0,2,25.10.23,0.147649674
0.766030451,7.07396327,PreDawn,Col-0,2,25.10.23,0.108288723
1.860748604,5.946326845,PreDawn,Col-0,2,25.10.23,0.312924037
2.313931724,9.730938033,PreDawn,Col-0,2,25.10.23,0.23779123
1.480579696,6.599989663,PreDawn,Col-0,2,25.10.23,0.224330608
1.182087701,11.10707028,PreDawn,Col-0,2,25.10.23,0.106426598
0.701431437,9.490857407,PreDawn,Col-0,2,24.10.23,0.073906014
1.733530623,6.380699524,PreDawn,Col-0,2,24.10.23,0.271683476
0.310867285,9.006488556,PreDawn,Col-0,2,24.10.23,0.034515925
2.635441758,5.99434297,PreDawn,Col-0,2,24.10.23,0.439654816
2.43322952,11.06474679,PreDawn,Col-0,2,24.10.23,0.219908288
0.932601854,7.77638473,PreDawn,Col-0,2,24.10.23,0.119927432
1.452116529,7.303648652,PreDawn,Col-0,2,24.10.23,0.198820699
2.727513916,8.440937803,PreDawn,Col-0,2,24.10.23,0.323129252
1.854313454,6.993028873,PreDawn,Col-0,2,24.10.23,0.265165994
1.575621923,4.665979342,PreDawn,Col-0,2,24.10.23,0.337683004
3.609377081,8.992628231,UV,bg1,2,24.10.23,0.401370655
4.095478473,13.18017886,UV,bg1,2,24.10.23,0.310730113
1.91346734,9.364381943,UV,bg1,2,24.10.23,0.204334611
3.2175754,7.101436414,UV,bg1,2,24.10.23,0.453087969
2.297596341,10.18362614,UV,bg1,2,24.10.23,0.225616721
3.483396629,9.358194298,UV,bg1,2,24.10.23,0.372229569
3.004967918,10.86179203,UV,bg1,2,24.10.23,0.276654893
3.163619136,9.237658973,UV,bg1,2,24.10.23,0.342469791
2.440159682,9.938100387,UV,bg1,2,24.10.23,0.245535825
3.407659854,11.1503838,UV,bg1,2,24.10.23,0.305609198
2.14092517,7.640751552,WL,Col-0,3,24.10.23,0.280198244
3.949697556,9.89082678,WL,Col-0,3,24.10.23,0.399329363
2.165923256,13.70835624,WL,Col-0,3,24.10.23,0.158000217
3.194309855,10.29549876,WL,Col-0,3,24.10.23,0.310262759
2.515896457,8.488211411,WL,Col-0,3,24.10.23,0.296398892
1.750608523,12.79753489,WL,Col-0,3,24.10.23,0.136792635
2.019647328,8.022405495,WL,Col-0,3,24.10.23,0.251750841
2.580247965,8.65503032,WL,Col-0,3,24.10.23,0.298121193
2.377540715,9.962355956,WL,Col-0,3,24.10.23,0.238652456
2.214186887,7.560559673,WL,Col-0,3,24.10.23,0.292860183
3.287372036,8.807246387,UV,Col-0,1,24.10.23,0.373257644
2.493620935,8.260258569,UV,Col-0,1,24.10.23,0.301881704
3.336378184,9.940822951,UV,Col-0,1,24.10.23,0.335623942
3.858615422,11.82112451,UV,Col-0,1,24.10.23,0.326416951
2.91289576,12.60819296,UV,Col-0,1,24.10.23,0.231031978
2.319376852,6.611869941,UV,Col-0,1,24.10.23,0.350789848
2.044645414,5.38795376,UV,Col-0,1,24.10.23,0.379484588
3.818519482,10.2499577,UV,Col-0,1,24.10.23,0.372540024
4.047214842,13.24675792,UV,Col-0,1,24.10.23,0.305524934
3.501464553,12.58071981,UV,Col-0,1,24.10.23,0.27831989
1.490232422,11.27067161,PreDawn,bg1,2,24.10.23,0.132222149
3.411867453,7.49645567,PreDawn,bg1,2,24.10.23,0.455130745
2.176318499,5.924051323,PreDawn,bg1,2,24.10.23,0.36736996
1.258071981,6.179477309,PreDawn,bg1,2,24.10.23,0.203588737
2.411696515,6.732405266,PreDawn,bg1,2,24.10.23,0.358222124
2.315664265,9.545061177,PreDawn,bg1,2,24.10.23,0.242603397
2.557972443,10.08833641,PreDawn,bg1,2,24.10.23,0.253557409
2.04192285,9.838603056,PreDawn,bg1,2,24.10.23,0.207541949
1.422415833,6.724732586,PreDawn,bg1,2,24.10.23,0.211520059
1.56225661,3.924451965,PreDawn,bg1,2,24.10.23,0.398082745
1.859758581,11.3214103,WL,bg1,2,24.10.23,0.164269162
1.765706377,7.53655161,WL,bg1,2,24.10.23,0.234285714
2.190673836,10.561815,WL,bg1,2,24.10.23,0.207414524
2.21814698,8.872092907,WL,bg1,2,24.10.23,0.250013949
3.137631027,10.00467945,WL,bg1,2,24.10.23,0.313616348
2.906460609,7.277908049,WL,bg1,2,24.10.23,0.399353851
3.100752662,9.240876549,WL,bg1,2,24.10.23,0.335547461
2.889382709,5.648082356,WL,bg1,2,24.10.23,0.511568799
3.682638798,10.21332684,WL,bg1,2,24.10.23,0.360571913
1.272922329,9.768311409,WL,bg1,2,24.10.23,0.130311399
3.002245354,12.2559922,WL,bg1,1,24.10.23,0.244961428
2.081276272,11.12192063,WL,bg1,1,24.10.23,0.187132811
1.732788106,8.912188846,WL,bg1,1,24.10.23,0.194429016
1.120706262,9.727967963,WL,bg1,1,24.10.23,0.115204559
2.390906028,7.879594649,WL,bg1,1,24.10.23,0.303430079
4.30660092,13.50738153,WL,bg1,1,24.10.23,0.318833144
2.271113221,9.450266456,WL,bg1,1,24.10.23,0.240322665
3.22698062,8.001862514,WL,bg1,1,24.10.23,0.403278689
3.2004975,7.987754683,WL,bg1,1,24.10.23,0.400675487
5.135250338,12.56017683,WL,bg1,1,24.10.23,0.408851755
1.937970414,8.053591226,WL,Col-0,2,24.10.23,0.240634316
3.182677082,7.553877016,WL,Col-0,2,24.10.23,0.421330275
1.634528303,4.881804399,WL,Col-0,2,24.10.23,0.334820523
3.154708927,7.94196611,WL,Col-0,2,24.10.23,0.397220145
1.014526274,12.67427701,WL,Col-0,2,24.10.23,0.080046087
1.332818733,7.44695451,WL,Col-0,2,24.10.23,0.178975007
2.244877606,8.842639717,WL,Col-0,2,24.10.23,0.253869622
2.695090656,8.842144705,WL,Col-0,2,24.10.23,0.30480056
2.093651562,12.23643925,WL,Col-0,2,24.10.23,0.171099739
2.962891932,10.55018223,WL,Col-0,2,24.10.23,0.280837986
3.248266119,7.119504337,UV,Col-0,3,24.10.23,0.456248914
1.317720879,5.973304977,UV,Col-0,3,24.10.23,0.220601641
3.256681316,8.081806887,UV,Col-0,3,24.10.23,0.402964506
2.816120992,9.519073068,UV,Col-0,3,24.10.23,0.295839834
2.384718383,9.697029738,UV,Col-0,3,24.10.23,0.245922561
2.363927896,9.195830493,UV,Col-0,3,24.10.23,0.257065188
1.967423604,10.85288182,UV,Col-0,3,24.10.23,0.181281215
2.186713743,8.365943546,UV,Col-0,3,24.10.23,0.261382799
2.313931724,8.156058627,UV,Col-0,3,24.10.23,0.283707098
1.276882422,8.0439385,UV,Col-0,3,24.10.23,0.158738462
3.140601096,8.359508395,UV,bg1,1,24.10.23,0.37569208
3.307915017,9.176030029,UV,bg1,1,24.10.23,0.360495226
2.36368039,6.15522174,UV,bg1,1,24.10.23,0.384012224
2.660192338,7.385820578,UV,bg1,1,24.10.23,0.360175597
2.814140946,8.906991225,UV,bg1,1,24.10.23,0.315947425
2.440654694,7.894940008,UV,bg1,1,24.10.23,0.309141639
2.287943615,8.329312687,UV,bg1,1,24.10.23,0.274685764
3.039371224,8.486726376,UV,bg1,1,24.10.23,0.358132346
3.839557475,10.18214111,UV,bg1,1,24.10.23,0.377087435
3.25470127,6.05151681,UV,bg1,1,24.10.23,0.537832311
2.656479751,7.432351668,WL,bg1,3,24.10.23,0.35742116
2.122857247,10.3140617,WL,bg1,3,24.10.23,0.205821655
1.91816995,8.419404799,WL,bg1,3,24.10.23,0.227827263
3.885593554,9.314138266,WL,bg1,3,24.10.23,0.417171556
2.852256839,9.649508625,WL,bg1,3,24.10.23,0.295585708
3.160649066,7.684560078,WL,bg1,3,24.10.23,0.411298634
2.456495065,10.31876431,WL,bg1,3,24.10.23,0.238060972
2.022369892,10.84570416,WL,bg1,3,24.10.23,0.186467366
2.543369601,11.10410021,WL,bg1,3,24.10.23,0.229047789
1.61349031,8.436730205,WL,bg1,3,24.10.23,0.19124593
1.450879,5.567147959,PreDawn,bg1,1,24.10.23,0.260614413
1.85926357,12.71115537,PreDawn,bg1,1,24.10.23,0.146270226
0.775188166,6.83883276,PreDawn,bg1,1,24.10.23,0.113350946
1.459294197,6.313872958,PreDawn,bg1,1,24.10.23,0.231125049
1.832780449,9.363144414,PreDawn,bg1,1,24.10.23,0.195744118
1.182087701,9.88488664,PreDawn,bg1,1,24.10.23,0.119585357
1.552851389,11.59292417,PreDawn,bg1,1,24.10.23,0.133948206
1.128378942,9.258944472,PreDawn,bg1,1,24.10.23,0.121869069
1.742935844,7.761781888,PreDawn,bg1,1,24.10.23,0.224553571
1.794912062,6.170319594,PreDawn,bg1,1,24.10.23,0.290894505
2.687417976,8.926791689,WL,Col-0,1,24.10.23,0.301050822
2.231017281,6.202742854,WL,Col-0,1,24.10.23,0.359682375
2.097859161,7.98206205,WL,Col-0,1,24.10.23,0.262821705
1.59344234,9.409675504,WL,Col-0,1,24.10.23,0.169340839
2.529756782,11.14939377,WL,Col-0,1,24.10.23,0.226896353
1.80679234,11.31868774,WL,Col-0,1,24.10.23,0.159629136
2.713901097,7.392008223,WL,Col-0,1,24.10.23,0.367139892
1.550128825,7.154650161,WL,Col-0,1,24.10.23,0.216660324
1.719917804,7.074458281,WL,Col-0,1,24.10.23,0.243116538
3.161886595,8.486973882,WL,Col-0,1,24.10.23,0.372557597
1.402862874,6.45519877,PreDawn,bg1,3,24.10.23,0.217322955
1.086302956,7.687035136,PreDawn,bg1,3,24.10.23,0.141316247
0.767515486,5.89534065,PreDawn,bg1,3,24.10.23,0.130190184
1.248666761,8.696363789,PreDawn,bg1,3,24.10.23,0.143584927
0.406899535,10.6556197,PreDawn,bg1,3,24.10.23,0.038186379
0.526939848,7.202913792,PreDawn,bg1,3,24.10.23,0.073156484
1.226391239,9.146081827,PreDawn,bg1,3,24.10.23,0.134089249
1.826345298,6.33317841,PreDawn,bg1,3,24.10.23,0.288377364
1.060809859,6.221058283,PreDawn,bg1,3,24.10.23,0.170519196
2.466147791,6.930409906,PreDawn,bg1,3,24.10.23,0.355844434
1.108825984,4.948878471,PreDawn,Col-0,1,24.10.23,0.224056014
0.905623722,4.964471336,PreDawn,Col-0,1,24.10.23,0.182420979
1.733530623,6.224523364,PreDawn,Col-0,1,24.10.23,0.278500139
0.714301739,10.28955862,PreDawn,Col-0,1,24.10.23,0.069420056
2.32655452,6.853188096,PreDawn,Col-0,1,24.10.23,0.339484994
2.007519544,9.507935307,PreDawn,Col-0,1,24.10.23,0.211141481
1.788724417,8.408019532,PreDawn,Col-0,1,24.10.23,0.212740278
2.104789323,9.559911525,PreDawn,Col-0,1,24.10.23,0.220168285
1.531318385,7.417006309,PreDawn,Col-0,1,24.10.23,0.20646044
2.124837293,6.334663445,PreDawn,Col-0,1,24.10.23,0.335430179
2.726523893,9.991066629,UV,Col-0,2,24.10.23,0.272896178
0.990518212,9.770291455,UV,Col-0,2,24.10.23,0.101380621
2.738404171,9.460909205,UV,Col-0,2,24.10.23,0.289444081
2.277548372,6.612612459,UV,Col-0,2,24.10.23,0.344424898
2.921558463,11.02588838,UV,Col-0,2,24.10.23,0.264972614
3.097782593,7.011839314,UV,Col-0,2,24.10.23,0.441793152
2.745086828,10.61676129,UV,Col-0,2,24.10.23,0.258561604
3.4480033,7.919690588,UV,Col-0,2,24.10.23,0.435370961
3.078724646,7.483832875,UV,Col-0,2,24.10.23,0.411383404
3.196784913,10.52072904,UV,Col-0,2,24.10.23,0.303855836
1.474887062,5.931228991,PreDawn,Col-0,3,24.10.23,0.248664664
1.143971808,10.73011895,PreDawn,Col-0,3,24.10.23,0.106613152
3.20990272,6.11636333,PreDawn,Col-0,3,24.10.23,0.524805762
0.570500869,10.71155601,PreDawn,Col-0,3,24.10.23,0.053260317
1.444443849,5.891628063,PreDawn,Col-0,3,24.10.23,0.245168879
0.443035382,9.394825156,PreDawn,Col-0,3,24.10.23,0.047157384
0.731627145,8.357033337,PreDawn,Col-0,3,24.10.23,0.087546276
1.050414615,9.203255667,PreDawn,Col-0,3,24.10.23,0.114135112
1.241736599,6.053001845,PreDawn,Col-0,3,24.10.23,0.205143932
0.834589558,9.154249519,PreDawn,Col-0,3,24.10.23,0.091169632
3.570271165,7.36800016,UV,bg1,3,24.10.23,0.48456448
4.591480096,13.634352,UV,bg1,3,24.10.23,0.336758219
2.648807072,9.500757639,UV,bg1,3,24.10.23,0.278799562
2.933686247,6.920509674,UV,bg1,3,24.10.23,0.423911877
3.063379287,8.557265529,UV,bg1,3,24.10.23,0.35798577
3.373504054,13.82666401,UV,bg1,3,24.10.23,0.243985393
3.943757417,11.91072161,UV,bg1,3,24.10.23,0.331109864
3.161144078,12.50028043,UV,bg1,3,24.10.23,0.252885853
3.250988683,13.27868617,UV,bg1,3,24.10.23,0.244827586
3.432410434,7.471457585,UV,bg1,3,24.10.23,0.459403054