"Repeat","Plant","Treatment","Genotype","Stomata","Width","Length","Ratio"
1,1,"PreDawn","Ws","1",1.886,7.038,0.26797385620915
1,1,"PreDawn","Ws","2",1.462,7.096,0.206031567080045
1,1,"PreDawn","Ws","3",1.199,7.237,0.165676385242504
1,1,"PreDawn","Ws","4",2.396,9.893,0.242191448498939
1,1,"PreDawn","Ws","5",2.183,6.443,0.3388173211237
1,1,"PreDawn","Ws","6",2.925,13.305,0.219842164599775
1,1,"PreDawn","Ws","7",1.79,7.286,0.24567664013176
1,1,"PreDawn","Ws","8",2.454,10.326,0.237652527600232
1,1,"PreDawn","Ws","9",1.923,8.924,0.215486329000448
1,1,"PreDawn","Ws","10",2.839,6.636,0.427817962628089
1,1,"PreDawn","hy5/hyh","271",0.717,10.492,0.0683377811666031
1,1,"PreDawn","hy5/hyh","272",1.849,5.514,0.335328255350018
1,1,"PreDawn","hy5/hyh","273",1.35,8.295,0.162748643761302
1,1,"PreDawn","hy5/hyh","274",0.9,6.541,0.13759364011619
1,1,"PreDawn","hy5/hyh","275",1.265,7.826,0.161640684896499
1,1,"PreDawn","hy5/hyh","276",1.157,7.398,0.15639361989727
1,1,"PreDawn","hy5/hyh","277",0.911,5.454,0.167033370003667
1,1,"PreDawn","hy5/hyh","278",0.697,6.746,0.103320486214053
1,1,"PreDawn","hy5/hyh","279",1.142,4.446,0.256860098965362
1,1,"PreDawn","hy5/hyh","280",0.836,4.516,0.185119574844996
1,1,"WL","Ws","91",1.52,8.186,0.185682873198143
1,1,"WL","Ws","92",2.094,6.45,0.324651162790698
1,1,"WL","Ws","93",2.534,9.621,0.263382184804074
1,1,"WL","Ws","94",2.369,4.927,0.480819971585143
1,1,"WL","Ws","95",2.347,5.642,0.415987238567884
1,1,"WL","Ws","96",2.529,7.103,0.356046740813741
1,1,"WL","Ws","97",1.554,5.448,0.285242290748899
1,1,"WL","Ws","98",1.961,10.457,0.187529884288037
1,1,"WL","Ws","99",2.068,8.821,0.234440539621358
1,1,"WL","Ws","100",2.494,8.342,0.298969072164948
1,1,"WL","hy5/hyh","361",1.465,8.795,0.166571915861285
1,1,"WL","hy5/hyh","362",2.082,8.456,0.246215704824976
1,1,"WL","hy5/hyh","363",1.306,8.703,0.150063196598874
1,1,"WL","hy5/hyh","364",1.98,9.938,0.199235258603341
1,1,"WL","hy5/hyh","365",2.115,8.233,0.256892991619094
1,1,"WL","hy5/hyh","366",1.79,4.945,0.361981799797776
1,1,"WL","hy5/hyh","367",2.058,8.215,0.250517346317711
1,1,"WL","hy5/hyh","368",1.605,9.118,0.176025444176354
1,1,"WL","hy5/hyh","369",2.263,7.985,0.283406386975579
1,1,"WL","hy5/hyh","370",1.764,7.895,0.223432552248258
1,1,"UVB","Ws","181",2.596,6.452,0.402355858648481
1,1,"UVB","Ws","182",3.345,8.825,0.379036827195467
1,1,"UVB","Ws","183",2.311,4.212,0.548670465337132
1,1,"UVB","Ws","184",2.822,11.087,0.254532335167313
1,1,"UVB","Ws","185",1.67,7.302,0.228704464530266
1,1,"UVB","Ws","186",2.312,5.466,0.422978412001464
1,1,"UVB","Ws","187",3.163,9.122,0.346744135058101
1,1,"UVB","Ws","188",2.068,8.046,0.257022122793935
1,1,"UVB","Ws","189",2.529,9.28,0.272521551724138
1,1,"UVB","Ws","190",2.008,5.655,0.355083996463307
1,1,"UVB","hy5/hyh","451",2.737,8.514,0.321470519144938
1,1,"UVB","hy5/hyh","452",2.821,8.858,0.318469180401897
1,1,"UVB","hy5/hyh","453",2.128,5.062,0.420387198735678
1,1,"UVB","hy5/hyh","454",1.66,6.63,0.250377073906486
1,1,"UVB","hy5/hyh","455",2.606,7.71,0.338002594033722
1,1,"UVB","hy5/hyh","456",3.002,8.503,0.353051864047983
1,1,"UVB","hy5/hyh","457",3.358,6.579,0.510411916704666
1,1,"UVB","hy5/hyh","458",2.407,9.51,0.253101997896951
1,1,"UVB","hy5/hyh","459",2.466,10.349,0.238283892163494
1,1,"UVB","hy5/hyh","460",3.172,10.263,0.309071421611615
1,2,"PreDawn","Ws","11",1.586,9.889,0.160380220446961
1,2,"PreDawn","Ws","12",2.129,5.495,0.387443130118289
1,2,"PreDawn","Ws","13",1.491,10.413,0.143186401613368
1,2,"PreDawn","Ws","14",0.86,9.676,0.0888797023563456
1,2,"PreDawn","Ws","15",1.535,4.692,0.327152600170503
1,2,"PreDawn","Ws","16",1.939,4.987,0.388810908361741
1,2,"PreDawn","Ws","17",1.003,7.59,0.132147562582345
1,2,"PreDawn","Ws","18",1.886,6.25,0.30176
1,2,"PreDawn","Ws","19",2.412,5.899,0.408882861501949
1,2,"PreDawn","Ws","20",1.24,6.078,0.204014478446857
1,2,"PreDawn","hy5/hyh","281",1.041,8.911,0.116821905510044
1,2,"PreDawn","hy5/hyh","282",0.933,6.743,0.138365712590835
1,2,"PreDawn","hy5/hyh","283",1.259,7.266,0.17327277731902
1,2,"PreDawn","hy5/hyh","284",0.762,9.709,0.0784838809352148
1,2,"PreDawn","hy5/hyh","285",1.176,3.778,0.311275807305453
1,2,"PreDawn","hy5/hyh","286",0.867,8.039,0.107849234979475
1,2,"PreDawn","hy5/hyh","287",1.78,4.859,0.366330520683268
1,2,"PreDawn","hy5/hyh","288",0.695,5.558,0.125044980208708
1,2,"PreDawn","hy5/hyh","289",1.889,4.559,0.414345251151568
1,2,"PreDawn","hy5/hyh","290",1.077,6.56,0.164176829268293
1,2,"WL","Ws","101",2.328,10.545,0.22076813655761
1,2,"WL","Ws","102",2.23,7.243,0.307883473698744
1,2,"WL","Ws","103",2.744,11.248,0.243954480796586
1,2,"WL","Ws","104",1.894,7.388,0.256361667569031
1,2,"WL","Ws","105",2.128,8.467,0.251328687846935
1,2,"WL","Ws","106",2.316,6.956,0.332949971247844
1,2,"WL","Ws","107",2.331,9.208,0.253149435273675
1,2,"WL","Ws","108",2.676,13.16,0.203343465045593
1,2,"WL","Ws","109",1.822,9.815,0.185634233316353
1,2,"WL","Ws","110",2.866,4.078,0.702795487984306
1,2,"WL","hy5/hyh","371",2.97,9.413,0.315521087857219
1,2,"WL","hy5/hyh","372",2.124,5.733,0.370486656200942
1,2,"WL","hy5/hyh","373",1.94,7.712,0.25155601659751
1,2,"WL","hy5/hyh","374",1.301,3.714,0.350296176628971
1,2,"WL","hy5/hyh","375",1.064,9.617,0.11063741291463
1,2,"WL","hy5/hyh","376",1.535,6.628,0.23159324079662
1,2,"WL","hy5/hyh","377",1.181,6.333,0.186483499131533
1,2,"WL","hy5/hyh","378",1.654,4.736,0.349239864864865
1,2,"WL","hy5/hyh","379",2.1,10.133,0.207243659330899
1,2,"WL","hy5/hyh","380",1.207,9.935,0.121489682939104
1,2,"UVB","Ws","191",3.305,7.393,0.447044501555526
1,2,"UVB","Ws","192",2.399,6.292,0.381277813095995
1,2,"UVB","Ws","193",3.372,11.76,0.286734693877551
1,2,"UVB","Ws","194",2.866,3.807,0.752823745731547
1,2,"UVB","Ws","195",2.498,6.294,0.396885923101366
1,2,"UVB","Ws","196",3.077,7.596,0.405081621906266
1,2,"UVB","Ws","197",3.812,15.347,0.248387306965531
1,2,"UVB","Ws","198",2.566,6.527,0.39313620346254
1,2,"UVB","Ws","199",3.752,10.271,0.365300360237562
1,2,"UVB","Ws","200",3.487,10.303,0.338445113073862
1,2,"UVB","hy5/hyh","461",2.272,9.831,0.231105686095006
1,2,"UVB","hy5/hyh","462",1.8,10.24,0.17578125
1,2,"UVB","hy5/hyh","463",2.351,8.191,0.287022341594433
1,2,"UVB","hy5/hyh","464",2.85,9.741,0.292577764089929
1,2,"UVB","hy5/hyh","465",2.014,9.503,0.211933073766179
1,2,"UVB","hy5/hyh","466",3.532,11.193,0.315554364334852
1,2,"UVB","hy5/hyh","467",3.043,9.615,0.316484659386375
1,2,"UVB","hy5/hyh","468",2.021,4.52,0.44712389380531
1,2,"UVB","hy5/hyh","469",2.259,9.693,0.2330547818013
1,2,"UVB","hy5/hyh","470",2.351,7.4,0.317702702702703
1,3,"PreDawn","Ws","21",1.549,5.722,0.27070954211814
1,3,"PreDawn","Ws","22",0.655,9.023,0.0725922642136762
1,3,"PreDawn","Ws","23",1.35,4.208,0.320817490494297
1,3,"PreDawn","Ws","24",0.898,10.123,0.0887088807665712
1,3,"PreDawn","Ws","25",1.4,7.569,0.184964988769983
1,3,"PreDawn","Ws","26",0.693,8.509,0.0814431778117287
1,3,"PreDawn","Ws","27",0.818,7.111,0.115033047391365
1,3,"PreDawn","Ws","28",0.926,5.739,0.161352151942847
1,3,"PreDawn","Ws","29",1.254,8.99,0.139488320355951
1,3,"PreDawn","Ws","30",1.212,4.136,0.293036750483559
1,3,"PreDawn","hy5/hyh","291",1.917,5.808,0.330061983471074
1,3,"PreDawn","hy5/hyh","292",2.351,5.278,0.445433876468359
1,3,"PreDawn","hy5/hyh","293",1.036,8.471,0.122299610435604
1,3,"PreDawn","hy5/hyh","294",2.39,14.354,0.166504110352515
1,3,"PreDawn","hy5/hyh","295",1.118,7.37,0.151696065128901
1,3,"PreDawn","hy5/hyh","296",1.334,10.828,0.123199113409679
1,3,"PreDawn","hy5/hyh","297",1.254,10.016,0.125199680511182
1,3,"PreDawn","hy5/hyh","298",1.041,6.623,0.15717952589461
1,3,"PreDawn","hy5/hyh","299",0.864,7.505,0.115123251165889
1,3,"PreDawn","hy5/hyh","300",1.342,3.88,0.345876288659794
1,3,"WL","Ws","111",3.495,8.162,0.428203871600098
1,3,"WL","Ws","112",3.475,11.848,0.293298446995273
1,3,"WL","Ws","113",2.885,5.751,0.501651886628412
1,3,"WL","Ws","114",1.162,11.831,0.0982165497422027
1,3,"WL","Ws","115",2.623,7.59,0.345586297760211
1,3,"WL","Ws","116",2.558,6.751,0.378906828617982
1,3,"WL","Ws","117",0.877,7.656,0.114550679205852
1,3,"WL","Ws","118",2.445,4.818,0.50747198007472
1,3,"WL","Ws","119",2.361,6.689,0.352967558678427
1,3,"WL","Ws","120",1.9,12.209,0.155622901138504
1,3,"WL","hy5/hyh","381",1.833,8.025,0.228411214953271
1,3,"WL","hy5/hyh","382",1.703,5.292,0.321806500377929
1,3,"WL","hy5/hyh","383",1.199,9.355,0.128166755745591
1,3,"WL","hy5/hyh","384",2.41,10.949,0.220111425700977
1,3,"WL","hy5/hyh","385",1.643,4.572,0.359361329833771
1,3,"WL","hy5/hyh","386",1.654,9.578,0.172687408644811
1,3,"WL","hy5/hyh","387",1.197,5.196,0.230369515011547
1,3,"WL","hy5/hyh","388",1.339,9.331,0.143500160754474
1,3,"WL","hy5/hyh","389",0.635,11.251,0.056439427606435
1,3,"WL","hy5/hyh","390",1.987,7.599,0.261481773917621
1,3,"UVB","Ws","201",3.019,6.457,0.46755459191575
1,3,"UVB","Ws","202",1.62,10.868,0.149061464850939
1,3,"UVB","Ws","203",2.682,4.689,0.571976967370441
1,3,"UVB","Ws","204",3.061,5.937,0.515580259390264
1,3,"UVB","Ws","205",2.633,6.13,0.42952691680261
1,3,"UVB","Ws","206",2.616,7.01,0.373181169757489
1,3,"UVB","Ws","207",3.266,10.92,0.299084249084249
1,3,"UVB","Ws","208",3.62,9.771,0.370484085559308
1,3,"UVB","Ws","209",2.475,5.883,0.420703722590515
1,3,"UVB","Ws","210",2.54,11.609,0.218795761908864
1,3,"UVB","hy5/hyh","471",2.034,8.667,0.234683281412253
1,3,"UVB","hy5/hyh","472",2.128,8.65,0.246011560693642
1,3,"UVB","hy5/hyh","473",2.839,11.613,0.244467407216051
1,3,"UVB","hy5/hyh","474",1.905,6.941,0.274456130240599
1,3,"UVB","hy5/hyh","475",3.061,11.888,0.257486541049798
1,3,"UVB","hy5/hyh","476",2.558,9.617,0.265987314131226
1,3,"UVB","hy5/hyh","477",2.514,11.019,0.228151374897904
1,3,"UVB","hy5/hyh","478",1.789,7.78,0.229948586118252
1,3,"UVB","hy5/hyh","479",1.754,9.286,0.188886495800129
1,3,"UVB","hy5/hyh","480",2.396,8.367,0.28636309310386
2,1,"PreDawn","Ws","31",2.221,10.84,0.204889298892989
2,1,"PreDawn","Ws","32",1.728,8.321,0.207667347674558
2,1,"PreDawn","Ws","33",1.501,6.798,0.220800235363342
2,1,"PreDawn","Ws","34",1.355,4.667,0.290336404542533
2,1,"PreDawn","Ws","35",1.518,6.342,0.239356669820246
2,1,"PreDawn","Ws","36",2.595,9.262,0.280177067587994
2,1,"PreDawn","Ws","37",1.423,12.982,0.109613310737945
2,1,"PreDawn","Ws","38",2.183,6.931,0.314961765978935
2,1,"PreDawn","Ws","39",1.406,9.243,0.152115114140431
2,1,"PreDawn","Ws","40",1.985,6.287,0.315730873230476
2,1,"PreDawn","hy5/hyh","301",1.938,7.324,0.264609503003823
2,1,"PreDawn","hy5/hyh","302",2.387,9.286,0.257053629119104
2,1,"PreDawn","hy5/hyh","303",2.239,11.58,0.193350604490501
2,1,"PreDawn","hy5/hyh","304",2.519,9.21,0.273507057546145
2,1,"PreDawn","hy5/hyh","305",1.724,6.331,0.272310851366293
2,1,"PreDawn","hy5/hyh","306",1.776,10.995,0.161527967257844
2,1,"PreDawn","hy5/hyh","307",2.422,10.482,0.231062774279718
2,1,"PreDawn","hy5/hyh","308",1.591,11.033,0.144203752379226
2,1,"PreDawn","hy5/hyh","309",2.11,10.122,0.208456826714088
2,1,"PreDawn","hy5/hyh","310",1.002,14.264,0.0702467750981492
2,1,"WL","Ws","121",2.792,10.361,0.269472058681594
2,1,"WL","Ws","122",2.416,8.483,0.284804903925498
2,1,"WL","Ws","123",1.844,7.142,0.25819098291795
2,1,"WL","Ws","124",2.358,5.394,0.437152391546162
2,1,"WL","Ws","125",3.463,11.136,0.31097341954023
2,1,"WL","Ws","126",1.821,3.978,0.457767722473605
2,1,"WL","Ws","127",1.923,8.711,0.220755366777637
2,1,"WL","Ws","128",2.595,9.163,0.283204190767216
2,1,"WL","Ws","129",1.844,5.402,0.341355053683821
2,1,"WL","Ws","130",1.886,10.984,0.171704297159505
2,1,"WL","hy5/hyh","391",1.811,8.577,0.211146088375889
2,1,"WL","hy5/hyh","392",1.886,8.65,0.218034682080925
2,1,"WL","hy5/hyh","393",2.495,9.755,0.255766273705792
2,1,"WL","hy5/hyh","394",0.916,8.619,0.106276830258731
2,1,"WL","hy5/hyh","395",0.744,9.055,0.082164549972391
2,1,"WL","hy5/hyh","396",0.993,10.062,0.0986881335718545
2,1,"WL","hy5/hyh","397",3.64,8.473,0.429599905582438
2,1,"WL","hy5/hyh","398",1.036,11.772,0.0880054366292898
2,1,"WL","hy5/hyh","399",2.025,7.174,0.282269305826596
2,1,"WL","hy5/hyh","400",1.17,6.381,0.183356840620592
2,1,"UVB","Ws","211",2.329,4.638,0.502156101768004
2,1,"UVB","Ws","212",2.65,6.629,0.399758636295067
2,1,"UVB","Ws","213",4.605,9.522,0.48361688720857
2,1,"UVB","Ws","214",3.725,11.943,0.311898183036088
2,1,"UVB","Ws","215",3.626,7.149,0.507203804727934
2,1,"UVB","Ws","216",3.32,10.682,0.310803220370717
2,1,"UVB","Ws","217",4.882,10.65,0.458403755868545
2,1,"UVB","Ws","218",3.866,8.862,0.436244640036109
2,1,"UVB","Ws","219",2.691,9.099,0.295746785361029
2,1,"UVB","Ws","220",3.425,10.135,0.337937839171189
2,1,"UVB","hy5/hyh","481",4.634,8.353,0.554770741051119
2,1,"UVB","hy5/hyh","482",2.34,8.084,0.2894606630381
2,1,"UVB","hy5/hyh","483",2.042,9.334,0.218770087850868
2,1,"UVB","hy5/hyh","484",3.147,8.28,0.380072463768116
2,1,"UVB","hy5/hyh","485",1.789,3.848,0.46491683991684
2,1,"UVB","hy5/hyh","486",2.772,12.735,0.217667844522968
2,1,"UVB","hy5/hyh","487",3.419,11.502,0.297252651712746
2,1,"UVB","hy5/hyh","488",3.489,10.385,0.335965334617236
2,1,"UVB","hy5/hyh","489",2.108,8.547,0.246636246636247
2,1,"UVB","hy5/hyh","490",3.07,9.777,0.314002250178992
2,2,"PreDawn","Ws","41",1.814,10.514,0.172531862278866
2,2,"PreDawn","Ws","42",2.307,11.159,0.206738955103504
2,2,"PreDawn","Ws","43",2.488,12.684,0.196152633238726
2,2,"PreDawn","Ws","44",1.406,8.484,0.165723715228666
2,2,"PreDawn","Ws","45",2.225,14.212,0.156557838446383
2,2,"PreDawn","Ws","46",2.085,10.97,0.190063810391978
2,2,"PreDawn","Ws","47",0.879,8.95,0.0982122905027933
2,2,"PreDawn","Ws","48",1.754,8.484,0.206742102781707
2,2,"PreDawn","Ws","49",1.992,11.415,0.174507227332457
2,2,"PreDawn","Ws","50",2.749,7.298,0.37667854206632
2,2,"PreDawn","hy5/hyh","311",1.36,7.212,0.188574597892402
2,2,"PreDawn","hy5/hyh","312",2.147,9.234,0.232510288065844
2,2,"PreDawn","hy5/hyh","313",1.491,9.669,0.154204157617127
2,2,"PreDawn","hy5/hyh","314",1.479,8.157,0.181316660536962
2,2,"PreDawn","hy5/hyh","315",1,10.259,0.0974753874646652
2,2,"PreDawn","hy5/hyh","316",1.056,9.586,0.110160650949301
2,2,"PreDawn","hy5/hyh","317",1.776,9.184,0.193379790940767
2,2,"PreDawn","hy5/hyh","318",1.943,8.454,0.229832032174119
2,2,"PreDawn","hy5/hyh","319",2.11,8.087,0.26091257573884
2,2,"PreDawn","hy5/hyh","320",1.639,9.976,0.164294306335204
2,2,"WL","Ws","131",0.862,8.64,0.0997685185185185
2,2,"WL","Ws","132",1.669,7.616,0.219143907563025
2,2,"WL","Ws","133",1.316,7.061,0.186375867440872
2,2,"WL","Ws","134",2.126,9.669,0.219877960492295
2,2,"WL","Ws","135",2.573,10.967,0.234612929698185
2,2,"WL","Ws","136",2.432,7.179,0.338765844825185
2,2,"WL","Ws","137",3.115,7.054,0.441593422171817
2,2,"WL","Ws","138",1.231,9.117,0.135022485466711
2,2,"WL","Ws","139",1.053,9.091,0.115828841711583
2,2,"WL","Ws","140",2.521,12.854,0.196125719620352
2,2,"WL","hy5/hyh","401",2,11.316,0.176740897843761
2,2,"WL","hy5/hyh","402",2.396,5.472,0.437865497076023
2,2,"WL","hy5/hyh","403",2.718,12.764,0.212942651206518
2,2,"WL","hy5/hyh","404",2.193,7.187,0.305134270210102
2,2,"WL","hy5/hyh","405",2.439,8.942,0.272757772310445
2,2,"WL","hy5/hyh","406",1.642,10.154,0.16170967106559
2,2,"WL","hy5/hyh","407",1.265,6.551,0.193100290032056
2,2,"WL","hy5/hyh","408",1.231,4.95,0.248686868686869
2,2,"WL","hy5/hyh","409",0.932,12.103,0.0770057010658514
2,2,"WL","hy5/hyh","410",1.98,7.355,0.269204622705642
2,2,"UVB","Ws","221",3.451,9.329,0.369921749383642
2,2,"UVB","Ws","222",4.822,9.894,0.4873660804528
2,2,"UVB","Ws","223",3.418,7.863,0.4346941370978
2,2,"UVB","Ws","224",4.055,9.31,0.435553168635875
2,2,"UVB","Ws","225",2.883,6.982,0.41291893440275
2,2,"UVB","Ws","226",2.597,11.069,0.234619206793748
2,2,"UVB","Ws","227",2.871,10.592,0.271053625377643
2,2,"UVB","Ws","228",3.334,7.715,0.432145171743357
2,2,"UVB","Ws","229",2,8.893,0.224895985606657
2,2,"UVB","Ws","230",2.175,4.973,0.437361753468731
2,2,"UVB","hy5/hyh","491",2.118,5.696,0.371839887640449
2,2,"UVB","hy5/hyh","492",2.749,10.73,0.256197576887232
2,2,"UVB","hy5/hyh","493",2.59,8.926,0.290163567107327
2,2,"UVB","hy5/hyh","494",3.229,9.668,0.333988415390981
2,2,"UVB","hy5/hyh","495",4.587,9.857,0.465354570356092
2,2,"UVB","hy5/hyh","496",2.486,6.304,0.394352791878173
2,2,"UVB","hy5/hyh","497",2.219,12.326,0.180025961382444
2,2,"UVB","hy5/hyh","498",2.637,6.228,0.423410404624277
2,2,"UVB","hy5/hyh","499",2.785,9.284,0.299978457561396
2,2,"UVB","hy5/hyh","500",1.49,10.609,0.140446790460929
2,3,"PreDawn","Ws","51",1.262,9.048,0.1394783377542
2,3,"PreDawn","Ws","52",2.831,7.872,0.35962906504065
2,3,"PreDawn","Ws","53",3.345,16.24,0.205972906403941
2,3,"PreDawn","Ws","54",2.048,5.357,0.382303528094083
2,3,"PreDawn","Ws","55",1.747,11.674,0.149648792187768
2,3,"PreDawn","Ws","56",2.073,6.681,0.310282891782667
2,3,"PreDawn","Ws","57",1.992,5.849,0.340571037784237
2,3,"PreDawn","Ws","58",2.259,9.888,0.228458737864078
2,3,"PreDawn","Ws","59",1.803,9.432,0.191157760814249
2,3,"PreDawn","Ws","60",1.071,8.666,0.123586429725363
2,3,"PreDawn","hy5/hyh","321",1.744,7.943,0.219564396323807
2,3,"PreDawn","hy5/hyh","322",1.827,8.935,0.204476776720761
2,3,"PreDawn","hy5/hyh","323",2.108,8.789,0.239845261121857
2,3,"PreDawn","hy5/hyh","324",2.072,5.987,0.346083180223818
2,3,"PreDawn","hy5/hyh","325",1.01,8.418,0.119980993110002
2,3,"PreDawn","hy5/hyh","326",2.112,8.945,0.236109558412521
2,3,"PreDawn","hy5/hyh","327",1.472,9.593,0.153445220473262
2,3,"PreDawn","hy5/hyh","328",1.597,10.212,0.15638464551508
2,3,"PreDawn","hy5/hyh","329",1.744,8.914,0.195647296387705
2,3,"PreDawn","hy5/hyh","330",0.996,9.849,0.101127017971368
2,3,"WL","Ws","141",1.8,6.116,0.294310006540222
2,3,"WL","Ws","142",1.947,6.947,0.280264862530589
2,3,"WL","Ws","143",1.841,5.146,0.357753595025262
2,3,"WL","Ws","144",2.094,5.806,0.360661384774371
2,3,"WL","Ws","145",2.73,11.084,0.246300974377481
2,3,"WL","Ws","146",1.538,6.316,0.24350854971501
2,3,"WL","Ws","147",1.886,6.242,0.302146747837232
2,3,"WL","Ws","148",2.916,9.375,0.31104
2,3,"WL","Ws","149",2.047,4.747,0.431219717716453
2,3,"WL","Ws","150",2.107,5.833,0.361220641179496
2,3,"WL","hy5/hyh","411",2.611,11.628,0.224544203646371
2,3,"WL","hy5/hyh","412",2.512,10.297,0.243954549868894
2,3,"WL","hy5/hyh","413",1.088,11.053,0.098434814077626
2,3,"WL","hy5/hyh","414",1.978,8.081,0.244771686672442
2,3,"WL","hy5/hyh","415",2.172,13.284,0.163504968383017
2,3,"WL","hy5/hyh","416",3.018,7.286,0.414219050233324
2,3,"WL","hy5/hyh","417",1.423,10.611,0.134106116294411
2,3,"WL","hy5/hyh","418",1.858,12.005,0.154768846314036
2,3,"WL","hy5/hyh","419",1.824,11.919,0.153032972564812
2,3,"WL","hy5/hyh","420",1.988,7.271,0.273414936047311
2,3,"UVB","Ws","231",2.515,6.025,0.417427385892116
2,3,"UVB","Ws","232",3.848,9.476,0.406078514140988
2,3,"UVB","Ws","233",3.138,6.879,0.45617095508068
2,3,"UVB","Ws","234",3.064,10.028,0.305544475468688
2,3,"UVB","Ws","235",2.728,7.021,0.388548639794901
2,3,"UVB","Ws","236",3.293,10.916,0.301667277390986
2,3,"UVB","Ws","237",3.585,7.673,0.467222729049915
2,3,"UVB","Ws","238",1.613,5.846,0.275915155661991
2,3,"UVB","Ws","239",1.705,7.251,0.235139980692318
2,3,"UVB","Ws","240",2.298,7.425,0.30949494949495
2,3,"UVB","hy5/hyh","501",3.07,10.162,0.302105884668372
2,3,"UVB","hy5/hyh","502",2.628,5.778,0.454828660436137
2,3,"UVB","hy5/hyh","503",2.555,5.377,0.47517202901246
2,3,"UVB","hy5/hyh","504",2.442,8.935,0.273307218802462
2,3,"UVB","hy5/hyh","505",3.754,9.409,0.398979700286959
2,3,"UVB","hy5/hyh","506",1.534,12.125,0.126515463917526
2,3,"UVB","hy5/hyh","507",2.354,11.132,0.211462450592885
2,3,"UVB","hy5/hyh","508",2.339,10.535,0.222021831988609
2,3,"UVB","hy5/hyh","509",2.553,11.995,0.212838682784494
2,3,"UVB","hy5/hyh","510",3.301,8.545,0.386307782328847
3,1,"WL","Ws",NA,1.58700717558257,6.41683531412252,0.247319293373448
3,1,"WL","Ws",NA,2.59212822050471,8.45603558231104,0.306541782525976
3,1,"WL","Ws",NA,1.32737359367581,5.99261037666954,0.221501734677019
3,1,"WL","Ws",NA,1.18010764397656,8.83744201674222,0.133534980115387
3,1,"WL","Ws",NA,0.733359678922512,10.7236837018818,0.068386918088028
3,1,"WL","Ws",NA,1.05189964070897,8.27486133831128,0.127119911464721
3,1,"WL","Ws",NA,1.28752516022778,7.87117938207685,0.163574617948557
3,1,"WL","Ws",NA,0.489071456480217,11.8587452906562,0.0412414167344979
3,1,"WL","Ws",NA,1.52661576091598,5.69139582073006,0.268232224396608
3,1,"WL","Ws",NA,0.750685084769483,7.95533135333357,0.0943625163337689
3,1,"PreDawn","hy5/hyh",NA,0.439817802715256,6.99525636361355,0.0628737218271238
3,1,"PreDawn","hy5/hyh",NA,0.528672384130437,9.94082286339648,0.0531819539886465
3,1,"PreDawn","hy5/hyh",NA,0.892505906916833,7.22791181355859,0.123480464335856
3,1,"PreDawn","hy5/hyh",NA,1.01155619566531,6.47326663602409,0.156266727842778
3,1,"PreDawn","hy5/hyh",NA,0.8954759764906,9.95839577504126,0.0899217099540202
3,1,"PreDawn","hy5/hyh",NA,0.416304751922938,12.5302285201252,0.0332240350807886
3,1,"PreDawn","hy5/hyh",NA,1.12936895542471,6.30892278627567,0.179011377010592
3,1,"PreDawn","hy5/hyh",NA,1.51721054059905,7.44373686925229,0.203823773898586
3,1,"PreDawn","hy5/hyh",NA,1.42192080844071,8.2501107585299,0.172351723517235
3,1,"PreDawn","hy5/hyh",NA,2.10355177562012,6.13121362344531,0.343088971419344
3,3,"PreDawn","hy5/hyh",NA,0.778405734124637,10.7400190845375,0.0724771276473162
3,3,"PreDawn","hy5/hyh",NA,0.721479400627446,7.89840501983638,0.0913449486086739
3,3,"PreDawn","hy5/hyh",NA,1.05165213491115,6.42376547646131,0.163712722509054
3,3,"PreDawn","hy5/hyh",NA,1.62042045828744,10.9610417619853,0.147834530099805
3,3,"PreDawn","hy5/hyh",NA,0.450460552021253,10.2801533121993,0.0438184663536777
3,3,"PreDawn","hy5/hyh",NA,0.572975921939121,8.43078999093403,0.067962305140475
3,3,"PreDawn","hy5/hyh",NA,1.55285137548425,9.04658441589495,0.171650570435829
3,3,"PreDawn","hy5/hyh",NA,1.34816408069218,5.68743572796503,0.237042517080814
3,3,"PreDawn","hy5/hyh",NA,0.806868900873232,7.94666865041008,0.101535490702962
3,3,"PreDawn","hy5/hyh",NA,0.607874239430877,11.5407003404654,0.0526722141202709
3,2,"WL","hy5/hyh",NA,1.90851720694279,7.83702358197854,0.243525770591208
3,2,"WL","hy5/hyh",NA,1.68897956428188,8.80551376882423,0.191809315006886
3,2,"WL","hy5/hyh",NA,1.0791252784685,7.51897863178771,0.143520194871458
3,2,"WL","hy5/hyh",NA,0.712321686108332,9.64604345820015,0.0738459959459112
3,2,"WL","hy5/hyh",NA,1.8248602472817,6.68735915113309,0.272882045967652
3,2,"WL","hy5/hyh",NA,1.79119945877901,7.8506364008583,0.22815977805101
3,2,"WL","hy5/hyh",NA,1.93054522294823,6.23046344836868,0.30985579787868
3,2,"WL","hy5/hyh",NA,1.77461657032548,6.82472486891979,0.260027562196271
3,2,"WL","hy5/hyh",NA,2.22829469771832,6.24952139480034,0.356554455445545
3,2,"WL","hy5/hyh",NA,1.57265183930936,8.81442397754553,0.178417993429365
3,3,"WL","hy5/hyh",NA,2.33719724875642,8.79264346733791,0.265812807881773
3,3,"WL","hy5/hyh",NA,0.739299818070045,8.47237096496676,0.0872600858870614
3,3,"WL","hy5/hyh",NA,1.38157736339705,9.95344565908498,0.138803928882258
3,3,"WL","hy5/hyh",NA,0.481151270950173,9.23963893818977,0.052074683239131
3,3,"WL","hy5/hyh",NA,0.420759856283588,10.5964657218054,0.0397075654590897
3,3,"WL","hy5/hyh",NA,0.51035695509221,6.34307858637399,0.0804588731075386
3,3,"WL","hy5/hyh",NA,0.51035695509221,6.8517030008815,0.0744861467326518
3,3,"WL","hy5/hyh",NA,1.92138750842911,6.46732649687655,0.297091465748182
3,3,"WL","hy5/hyh",NA,1.61497533073553,7.96028146928985,0.20287917418071
3,3,"WL","hy5/hyh",NA,2.11815461769114,7.81425304857966,0.271062967186114
3,3,"WL","Ws",NA,2.02806250728689,10.4251917097182,0.194534792621258
3,3,"WL","Ws",NA,0.918989027282918,6.24556130203532,0.147142743916938
3,3,"WL","Ws",NA,2.09365154370757,8.15952363653002,0.25658992325659
3,3,"WL","Ws",NA,1.43008849976857,8.51221939841479,0.168004187020237
3,3,"WL","Ws",NA,0.705391523769544,11.1144953566299,0.0634659065603704
3,3,"WL","Ws",NA,1.02120892178005,8.66196040609218,0.117895819641684
3,3,"WL","Ws",NA,2.16815078884955,6.33119830807892,0.342455043002346
3,3,"WL","Ws",NA,1.54814876532579,6.5787041058928,0.235327313769752
3,3,"WL","Ws",NA,2.16666575406266,10.1734783133415,0.212971973530557
3,3,"WL","Ws",NA,1.42365334902541,8.76591284117401,0.162407883219923
3,1,"UVB","hy5/hyh",NA,3.19925994254215,8.09566714069404,0.395181754257238
3,1,"UVB","hy5/hyh",NA,4.62217077417412,12.5334460954968,0.36878690337487
3,1,"UVB","hy5/hyh",NA,3.29331214571142,13.3566503790258,0.246567219494116
3,1,"UVB","hy5/hyh",NA,2.11716459449989,9.09237298849051,0.232850609756098
3,1,"UVB","hy5/hyh",NA,2.69014051643901,8.27213877453533,0.325204954820179
3,1,"UVB","hy5/hyh",NA,2.09389904950538,9.10252072620088,0.230035076270495
3,1,"UVB","hy5/hyh",NA,0.876170524261118,8.89065576327221,0.0985495949444614
3,1,"UVB","hy5/hyh",NA,2.97526719552059,7.37715780964036,0.403308058780111
3,1,"UVB","hy5/hyh",NA,2.65152961198004,7.75559417449777,0.341886069889899
3,1,"UVB","hy5/hyh",NA,2.75622456445531,10.9043629342859,0.252763465510588
3,3,"UVB","Ws",NA,2.24463008037403,7.15935270756415,0.313524165110972
3,3,"UVB","Ws",NA,2.77330246450447,12.9740064156055,0.213758370056659
3,3,"UVB","Ws",NA,2.5990583828435,6.70790213235164,0.387462179912921
3,3,"UVB","Ws",NA,1.13506158877443,10.7377915323572,0.105707173151392
3,3,"UVB","Ws",NA,2.3225944066854,10.4073712922756,0.223168208518633
3,3,"UVB","Ws",NA,1.80406976026534,9.21018574824992,0.195877673868645
3,3,"UVB","Ws",NA,1.83797805456584,8.78026817744722,0.209330514446794
3,3,"UVB","Ws",NA,2.85027676762458,8.16595878727318,0.349043736550177
3,3,"UVB","Ws",NA,2.19463390921563,9.08965042471456,0.2414431586113
3,3,"UVB","Ws",NA,2.60054341763038,12.9143575183324,0.201368392809229
3,3,"PreDawn","Ws",NA,0.944482124457747,10.074475994216,0.0937499999999997
3,3,"PreDawn","Ws",NA,0.561095643644055,9.87845140234738,0.056799959911806
3,3,"PreDawn","Ws",NA,1.3360362965993,6.66335108874514,0.200505163063666
3,3,"PreDawn","Ws",NA,0.631139784425381,8.19986708157368,0.0769695140356172
3,3,"PreDawn","Ws",NA,1.27292231815676,6.6108798596086,0.192549606888806
3,3,"PreDawn","Ws",NA,1.84391819371337,7.96102398668329,0.231618218560547
3,3,"PreDawn","Ws",NA,0.928146741802031,10.7318513932096,0.0864852398523987
3,3,"PreDawn","Ws",NA,0.626437174266918,8.2733763035244,0.075717234570856
3,3,"PreDawn","Ws",NA,0.731627138337815,6.7143372830948,0.108964907107048
3,3,"PreDawn","Ws",NA,0.655642858408955,8.82902681961655,0.0742599237497197
3,2,"UVB","hy5/hyh",NA,3.09406997847125,7.71574574104974,0.401007249631103
3,2,"UVB","hy5/hyh",NA,1.34222394154464,6.75468072813846,0.198710197501007
3,2,"UVB","hy5/hyh",NA,1.66893159465896,8.22709271933321,0.202858002406739
3,2,"UVB","hy5/hyh",NA,0.899188563457808,8.79437600792261,0.102245862884161
3,2,"UVB","hy5/hyh",NA,2.44213970702951,7.30884620944373,0.33413477819167
3,2,"UVB","hy5/hyh",NA,1.94638559400831,6.92941982139506,0.280887237918348
3,2,"UVB","hy5/hyh",NA,2.48891830281633,12.6423486465349,0.196871512754753
3,2,"UVB","hy5/hyh",NA,1.20065062519511,7.95879643450296,0.15085831571091
3,2,"UVB","hy5/hyh",NA,1.63774586413441,8.09343958851371,0.202354740061162
3,2,"UVB","hy5/hyh",NA,1.63279574817813,7.76301934843219,0.210329985652797
3,2,"UVB","Ws",NA,2.19884150777847,7.29845096593555,0.30127509495388
3,2,"UVB","Ws",NA,1.50632028549524,8.38970402849692,0.179543912440629
3,2,"UVB","Ws",NA,0.920969073665429,7.84197369793482,0.117440979674284
3,2,"UVB","Ws",NA,2.18176360772931,7.11579168714891,0.306608695652174
3,2,"UVB","Ws",NA,1.50260769852804,6.65592591481073,0.225754871337201
3,2,"UVB","Ws",NA,1.4234058432276,11.6493553857057,0.122187519918414
3,2,"UVB","Ws",NA,1.40286286200904,6.91333194453716,0.202921380495488
3,2,"UVB","Ws",NA,1.45855166651717,7.6793623887711,0.189931350114417
3,2,"UVB","Ws",NA,2.55574486822607,8.40084178939855,0.304224854162983
3,2,"UVB","Ws",NA,2.18770374687684,9.75717356141858,0.224214905382781
3,2,"WL","Ws",NA,1.5055777681018,7.24003959765147,0.207951593053466
3,2,"WL","Ws",NA,2.42926940554318,11.1902321307609,0.21708838361497
3,2,"WL","Ws",NA,1.80406976026534,6.93808252431854,0.260024257990868
3,2,"WL","Ws",NA,1.39915027504184,8.03552323182527,0.174120618493193
3,2,"WL","Ws",NA,1.43924621428768,8.77259549771499,0.164061618327502
3,2,"WL","Ws",NA,0.729894597753117,7.99369475199472,0.0913087902901198
3,2,"WL","Ws",NA,1.62982567860437,7.94270855764506,0.205197718986632
3,2,"WL","Ws",NA,1.55804899723834,7.47690264615935,0.208381608130027
3,2,"WL","Ws",NA,1.26623966161578,7.89048483430634,0.16047678795483
3,2,"WL","Ws",NA,0.65787041058928,8.42262229960617,0.0781075521598589
3,2,"PreDawn","Ws",NA,1.6162128597246,8.49538900416345,0.190245892087169
3,2,"PreDawn","Ws",NA,0.963540070889415,8.20704474971028,0.117404023040502
3,2,"PreDawn","Ws",NA,1.47612457816195,6.13170863504094,0.240736255751998
3,2,"PreDawn","Ws",NA,1.51671552900343,5.93989164173519,0.255343972665528
3,2,"PreDawn","Ws",NA,0.936314433129889,6.46064384033558,0.144925870589587
3,2,"PreDawn","Ws",NA,0.803403819703838,10.0056693824237,0.0802948597437293
3,2,"PreDawn","Ws",NA,1.64764609604697,6.12997609445624,0.268785076916866
3,2,"PreDawn","Ws",NA,0.963540070889415,8.61691435089006,0.111819617980755
3,2,"PreDawn","Ws",NA,1.72189783539113,7.1620752713401,0.240418840930297
3,2,"PreDawn","Ws",NA,0.916018957709151,7.0942586827391,0.129121166660852
3,1,"WL","hy5/hyh",NA,1.76818141958232,7.02743211732935,0.251611312647483
3,1,"WL","hy5/hyh",NA,0.919979050474173,7.73901128604424,0.118875527696047
3,1,"WL","hy5/hyh",NA,1.9283176707679,5.75203474119446,0.335240963855421
3,1,"WL","hy5/hyh",NA,0.802166290714769,7.3974532850611,0.108438169164882
3,1,"WL","hy5/hyh",NA,0.470261015846363,9.66064630027117,0.0486780077884813
3,1,"WL","hy5/hyh",NA,0.525949820354484,7.77366209773819,0.0676579215486499
3,1,"WL","hy5/hyh",NA,0.498971688392772,11.8213719151863,0.0422092877182697
3,1,"WL","hy5/hyh",NA,0.805383866086349,9.03816921876927,0.0891091820248104
3,1,"WL","hy5/hyh",NA,1.48107469411823,6.30323015292595,0.234970746456199
3,1,"WL","hy5/hyh",NA,0.834342044430573,10.0578931057624,0.0829539582154198
3,2,"PreDawn","hy5/hyh",NA,0.789791000824075,7.85979411537742,0.100484947726414
3,2,"PreDawn","hy5/hyh",NA,0.68088844978597,7.96399405625706,0.0854958510737483
3,2,"PreDawn","hy5/hyh",NA,0.564560724813449,8.83496695876408,0.0639007171671896
3,2,"PreDawn","hy5/hyh",NA,0.665048078725882,9.29062513253943,0.0715827050643365
3,2,"PreDawn","hy5/hyh",NA,0.963540070889415,7.22840682515422,0.133299092621126
3,2,"PreDawn","hy5/hyh",NA,0.736082242698464,6.17328960907367,0.119236628979232
3,2,"PreDawn","hy5/hyh",NA,0.717519307862424,8.73373708745821,0.0821549012384164
3,2,"PreDawn","hy5/hyh",NA,0.919979050474173,8.67804828295009,0.106012206947693
3,2,"PreDawn","hy5/hyh",NA,0.595003937944556,9.75420349184481,0.0609997462572952
3,2,"PreDawn","hy5/hyh",NA,1.42909847657731,9.56065395795437,0.149477063270166
3,1,"UVB","Ws",NA,2.68915049324775,8.61567682190099,0.312122953174375
3,1,"UVB","Ws",NA,1.61497533073553,6.7749762035592,0.238373579804917
3,1,"UVB","Ws",NA,2.46763280420433,10.4484572547127,0.236171976785503
3,1,"UVB","Ws",NA,3.15891649749849,9.64257837703076,0.327600811109115
3,1,"UVB","Ws",NA,2.85695942416556,9.50917275200908,0.300442477876106
3,1,"UVB","Ws",NA,2.58643558715499,10.4514273242865,0.247471996589859
3,1,"UVB","Ws",NA,2.15107288880039,11.905523886443,0.180678558064114
3,1,"UVB","Ws",NA,2.42926940554318,8.29515681373202,0.29285394599433
3,1,"UVB","Ws",NA,2.8148834385372,8.7906634209554,0.320212855815525
3,1,"UVB","Ws",NA,1.87609394742917,9.73267048743501,0.192762505403962
3,1,"PreDawn","Ws",NA,0.821471742944251,10.5437469868711,0.0779107981220655
3,1,"PreDawn","Ws",NA,1.48849986805264,6.38688711258705,0.233055609378027
3,1,"PreDawn","Ws",NA,0.847954863310336,6.97817846356439,0.121515216003405
3,1,"PreDawn","Ws",NA,1.61101523797051,6.44628850406237,0.249913611057784
3,1,"PreDawn","Ws",NA,0.456895702764413,6.80814198046626,0.0671101901334205
3,1,"PreDawn","Ws",NA,1.05189964070897,6.10151292770765,0.172399805289632
3,1,"PreDawn","Ws",NA,0.750685084769483,7.04748008695228,0.106518227154597
3,1,"PreDawn","Ws",NA,1.60878768579019,6.5591511478655,0.245273763254217
3,1,"PreDawn","Ws",NA,0.899436069255622,5.69387087870819,0.157965659639209
3,1,"PreDawn","Ws",NA,1.03259418847949,5.53274460433136,0.186633264740092
3,3,"UVB","hy5/hyh",NA,2.23819492963087,7.55956958262918,0.296074386929902
3,3,"UVB","hy5/hyh",NA,1.06452243639748,8.78719833978601,0.12114469199786
3,3,"UVB","hy5/hyh",NA,2.32927706322638,7.89493993866698,0.295034171421406
3,3,"UVB","hy5/hyh",NA,1.07962029006412,7.43804423590257,0.145148409423665
3,3,"UVB","hy5/hyh",NA,1.95801836650557,9.95047558951122,0.196776359973137
3,3,"UVB","hy5/hyh",NA,2.32878205163075,9.76732129912895,0.238425867268074
3,3,"UVB","hy5/hyh",NA,3.92049183737178,10.5380543535214,0.372031848180941
3,3,"UVB","hy5/hyh",NA,3.6818962482792,10.9612892677831,0.335899925486033
3,3,"UVB","hy5/hyh",NA,2.13102491917746,9.76979635710709,0.2181237808122
3,3,"UVB","hy5/hyh",NA,2.21047428027572,8.32931261383034,0.265384958250379
