Index,Width,Length,Treatment,Genotype,Plant,Repeat
0,1.922130043,9.059454797,Predawn,bg1,1,1
1,3.033678591,9.981413902,Predawn,bg1,1,1
2,1.913714846,8.805761352,Predawn,bg1,1,1
3,2.413429056,9.327256073,Predawn,bg1,1,1
0,2.730483986,5.940386706,Predawn,bg1,1,1
1,2.16567575,9.89552939,Predawn,bg1,1,1
2,1.65358625,9.566841687,Predawn,bg1,1,1
3,3.107435319,13.5232219,Predawn,bg1,1,1
4,3.303459913,10.30787405,Predawn,bg1,1,1
5,2.16864582,8.576570982,Predawn,bg1,1,1
0,2.100086713,9.127518892,FR,Col-0,2,1
1,1.904804637,8.473113557,FR,Col-0,2,1
2,1.733778129,10.24698763,FR,Col-0,2,1
3,1.080610323,9.978443833,FR,Col-0,2,1
4,1.688979579,12.36068716,FR,Col-0,2,1
5,0.953392342,7.979339486,FR,Col-0,2,1
6,2.022864903,7.976864428,FR,Col-0,2,1
7,2.327049532,11.77508844,FR,Col-0,2,1
8,3.06610185,15.70350049,FR,Col-0,2,1
9,2.117164613,8.208034845,FR,Col-0,2,1
10,3.161886595,13.06533617,FR,nced35,1,1
11,4.452381836,9.101035772,FR,nced35,1,1
12,1.72957053,9.010696155,FR,nced35,1,1
13,3.690311478,10.67022254,FR,nced35,1,1
14,4.033107011,10.58260549,FR,nced35,1,1
15,4.148939725,8.932731828,FR,nced35,1,1
16,3.415085028,12.97722411,FR,nced35,1,1
17,4.243981953,12.57626471,FR,nced35,1,1
18,6.020083573,12.14139702,FR,nced35,1,1
19,3.305439959,9.282210017,FR,nced35,1,1
20,1.547158756,8.330055205,FR,Col-0,1,1
21,1.571909336,9.279982465,FR,Col-0,1,1
22,0.68064095,6.167349524,FR,Col-0,1,1
23,0.831371982,8.294909381,FR,Col-0,1,1
24,1.505577781,10.67170758,FR,Col-0,1,1
25,2.615393789,11.97655816,FR,Col-0,1,1
26,1.73551067,9.016141282,FR,Col-0,1,1
27,1.93054524,8.069926609,FR,Col-0,1,1
28,2.033507653,12.32752138,FR,Col-0,1,1
29,1.241736599,10.45167492,FR,Col-0,1,1
30,1.031356669,12.14585212,Predawn,bg1,2,1
31,1.979303883,6.33144587,Predawn,bg1,2,1
32,2.440654694,10.96450694,Predawn,bg1,2,1
33,1.394200171,11.65084052,Predawn,bg1,2,1
34,1.720907827,7.64495915,Predawn,bg1,2,1
35,2.784687756,11.66470085,Predawn,bg1,2,1
36,2.354522675,9.681189367,Predawn,bg1,2,1
37,2.155033001,8.163483801,Predawn,bg1,2,1
38,1.207085787,9.253004333,Predawn,bg1,2,1
39,1.945148082,7.512543547,Predawn,bg1,2,1
40,1.920397502,10.30787405,WL,bg1,1,1
41,2.481740657,12.85718379,WL,bg1,1,1
42,2.103056783,8.468658453,WL,bg1,1,1
43,2.510698835,8.470638499,WL,bg1,1,1
44,4.582817393,13.634352,WL,bg1,1,1
45,2.394618615,9.392350098,WL,bg1,1,1
46,2.189683813,9.10351083,WL,bg1,1,1
47,4.926602949,13.21730473,WL,bg1,1,1
48,2.515896457,8.801553754,WL,bg1,1,1
49,2.702763336,9.261914542,WL,bg1,1,1
50,3.12327569,8.944612106,WL,bg1,3,1
51,2.782460204,11.10088264,WL,bg1,3,1
52,2.080038743,8.398366806,WL,bg1,3,1
53,4.244971976,10.74323675,WL,bg1,3,1
54,2.097611655,10.26084795,WL,bg1,3,1
55,2.253292803,10.6556197,WL,bg1,3,1
56,1.939207943,9.325028521,WL,bg1,3,1
57,3.009423022,9.310425679,WL,bg1,3,1
58,3.087387349,14.61373246,WL,bg1,3,1
59,3.31360765,9.343591456,WL,bg1,3,1
60,1.966433581,8.651812745,Predawn,q1124,2,1
61,2.137212583,7.869941923,Predawn,q1124,2,1
62,0.892505915,11.52461257,Predawn,q1124,2,1
63,1.949850692,8.235260483,Predawn,q1124,2,1
64,1.654576273,7.686045113,Predawn,q1124,2,1
65,2.282250982,6.257441636,Predawn,q1124,2,1
66,1.637745879,8.082796911,Predawn,q1124,2,1
67,2.487680796,9.496055029,Predawn,q1124,2,1
68,3.695261594,10.99965276,Predawn,q1124,2,1
69,1.790704463,7.778859788,Predawn,q1124,2,1
70,4.317738681,12.1918882,FR,bg1,2,1
71,1.367222039,10.63804679,FR,bg1,2,1
72,2.506738742,7.767722027,FR,bg1,2,1
73,2.181268615,7.0539153,FR,bg1,2,1
74,2.208494253,9.369827071,FR,bg1,2,1
75,2.072861075,10.36653293,FR,bg1,2,1
76,1.919902491,8.75700271,FR,bg1,2,1
77,1.577849475,9.609412685,FR,bg1,2,1
78,3.446518265,8.330302711,FR,bg1,2,1
79,2.837158985,6.483909443,FR,bg1,2,1
80,0.570500869,15.87576453,FR,Col-0,3,1
81,1.395190195,8.779525738,FR,Col-0,3,1
82,1.305345589,9.562881595,FR,Col-0,3,1
83,1.906784683,7.057380381,FR,Col-0,3,1
84,1.54691125,12.17679035,FR,Col-0,3,1
85,1.577849475,6.600979686,FR,Col-0,3,1
86,2.189683813,13.60341378,FR,Col-0,3,1
87,1.646656087,12.84406599,FR,Col-0,3,1
88,2.003311945,12.46835218,FR,Col-0,3,1
89,1.084570416,8.219667618,FR,Col-0,3,1
90,2.75968967,9.369084553,WL,q1124,2,1
91,3.372761537,7.309341286,WL,q1124,2,1
92,3.947222498,8.692403696,WL,q1124,2,1
93,2.721326271,12.01888165,WL,q1124,2,1
94,4.040532185,12.32034371,WL,q1124,2,1
95,3.527452662,7.876377073,WL,q1124,2,1
96,3.838814958,9.630450678,WL,q1124,2,1
97,4.217746338,8.779773243,WL,q1124,2,1
98,3.875940828,8.137000681,WL,q1124,2,1
99,3.196289901,11.23032817,WL,q1124,2,1
100,3.552450747,6.772996217,Predawn,nced35,2,1
101,3.74971287,10.60884111,Predawn,nced35,2,1
102,2.685685436,8.105072433,Predawn,nced35,2,1
103,2.651777141,5.287713911,Predawn,nced35,2,1
104,3.504682128,8.610974288,Predawn,nced35,2,1
105,4.022216756,8.806751376,Predawn,nced35,2,1
106,3.039123718,7.355129859,Predawn,nced35,2,1
107,4.463272091,7.916473013,Predawn,nced35,2,1
108,4.09325092,12.97994667,Predawn,nced35,2,1
109,1.861491122,6.802944419,Predawn,nced35,2,1
110,4.045977313,9.608422662,WL,nced35,2,1
111,3.699221687,13.79943837,WL,nced35,2,1
112,3.010660551,6.171804629,WL,nced35,2,1
113,4.989716928,10.50662121,WL,nced35,2,1
114,5.165941058,16.08119434,WL,nced35,2,1
115,3.985090886,8.930999287,WL,nced35,2,1
116,4.77686194,8.118685252,WL,nced35,2,1
117,4.113793902,9.412645574,WL,nced35,2,1
118,3.129215829,5.837424293,WL,nced35,2,1
119,3.74971287,13.6383121,WL,nced35,2,1
120,1.369944603,12.27851523,WL,bg1,2,1
121,3.312617627,10.44276471,WL,bg1,2,1
122,2.217651968,8.022653001,WL,bg1,2,1
123,1.976581319,9.19954308,WL,bg1,2,1
124,2.453772501,9.718810249,WL,bg1,2,1
125,2.969327083,6.331940881,WL,bg1,2,1
126,2.233739845,6.794281716,WL,bg1,2,1
127,4.116763971,9.750986003,WL,bg1,2,1
128,1.404595415,10.99396013,WL,bg1,2,1
129,3.268561595,10.0326476,WL,bg1,2,1
0,2.573812814,10.84793171,WL,Col-0,3,1
1,2.131024938,8.501329218,WL,Col-0,3,1
2,1.66299147,9.956910828,WL,Col-0,3,1
3,2.308981608,5.987907819,WL,Col-0,3,1
4,5.721839084,12.21144116,WL,Col-0,3,1
5,3.630910086,8.816651608,WL,Col-0,3,1
6,2.56168503,12.32603635,WL,Col-0,3,1
7,3.391819483,11.7691483,WL,Col-0,3,1
8,2.721573777,8.006317618,WL,Col-0,3,1
9,1.929307711,10.12694731,WL,Col-0,3,1
10,1.996629289,14.43701331,Predawn,q1124,1,1
11,2.78741032,8.23724053,Predawn,q1124,1,1
12,2.665142454,7.648424232,Predawn,q1124,1,1
13,2.179783581,11.44268815,Predawn,q1124,1,1
14,2.004054463,11.32190532,Predawn,q1124,1,1
15,2.909183173,8.988173127,Predawn,q1124,1,1
16,3.437608056,8.954759844,Predawn,q1124,1,1
17,0.678413398,14.55556859,Predawn,q1124,1,1
18,1.013536251,12.94009824,Predawn,q1124,1,1
19,3.653433114,9.59084975,Predawn,q1124,1,1
20,2.695090656,8.35802336,Predawn,q1124,3,1
21,1.505577781,12.22926158,Predawn,q1124,3,1
22,2.656232246,7.657086935,Predawn,q1124,3,1
23,2.8463167,6.928677365,Predawn,q1124,3,1
24,4.368724876,13.08488913,Predawn,q1124,3,1
25,1.619677955,12.33321401,Predawn,q1124,3,1
26,2.439417165,7.086586066,Predawn,q1124,3,1
27,5.136240362,9.807912337,Predawn,q1124,3,1
28,4.888734562,9.363639426,Predawn,q1124,3,1
29,2.94828909,12.48518258,Predawn,q1124,3,1
30,1.300890485,11.56817359,WL,Col-0,2,1
31,3.534135318,16.36854858,WL,Col-0,2,1
32,2.860177025,10.91847086,WL,Col-0,2,1
33,3.482654112,10.40316379,WL,Col-0,2,1
34,3.19752743,5.93246652,WL,Col-0,2,1
35,2.371848081,6.825962458,WL,Col-0,2,1
36,2.4921359,9.013171213,WL,Col-0,2,1
37,2.05429814,11.85973542,WL,Col-0,2,1
38,2.851266816,10.82689372,WL,Col-0,2,1
39,2.5092138,9.458929159,WL,Col-0,2,1
40,5.05382093,12.45102677,WL,nced35,1,1
41,4.870419132,9.698267267,WL,nced35,1,1
42,3.596011768,7.810045519,WL,nced35,1,1
43,2.859929519,10.58409053,WL,nced35,1,1
44,3.099267628,7.862516749,WL,nced35,1,1
45,4.075678009,8.462223302,WL,nced35,1,1
46,3.577201327,10.60488101,WL,nced35,1,1
47,2.96239692,12.68343472,WL,nced35,1,1
48,2.353037641,7.187815938,WL,nced35,1,1
49,3.085159797,6.03914152,WL,nced35,1,1
50,3.259156374,10.21134679,FR,q1124,1,1
51,2.567625169,10.42964691,FR,q1124,1,1
52,3.184904634,9.240381537,FR,q1124,1,1
53,2.902500517,8.967630146,FR,q1124,1,1
54,3.964547904,9.314880783,FR,q1124,1,1
55,2.674052663,10.26505555,FR,q1124,1,1
56,3.836587406,6.99203885,FR,q1124,1,1
57,2.791617918,10.10863188,FR,q1124,1,1
58,2.939626387,12.20228345,FR,q1124,1,1
59,2.567625169,11.20458757,FR,q1124,1,1
60,3.130205853,9.308693138,WL,nced35,3,1
61,3.20817018,8.796603638,WL,nced35,3,1
62,4.023949296,15.30625368,WL,nced35,3,1
63,4.115773948,8.519149636,WL,nced35,3,1
64,4.120724064,8.96268003,WL,nced35,3,1
65,4.59420266,9.28617011,WL,nced35,3,1
66,2.245125112,9.38343989,WL,nced35,3,1
67,3.775700979,14.22886094,WL,nced35,3,1
68,3.874703299,10.52716419,WL,nced35,3,1
69,3.048528939,7.440024348,WL,nced35,3,1
70,2.852504345,9.912854796,FR,bg1,1,1
71,3.49280185,7.518731192,FR,bg1,1,1
72,2.983187407,8.969857698,FR,bg1,1,1
73,1.374152202,12.30450334,FR,bg1,1,1
74,3.228465655,9.992056652,FR,bg1,1,1
75,3.474238915,8.245160715,FR,bg1,1,1
76,1.861491122,12.46018449,FR,bg1,1,1
77,2.093651562,8.260506075,FR,bg1,1,1
78,2.631976677,11.79810647,FR,bg1,1,1
79,2.749294426,5.913656079,FR,bg1,1,1
80,2.807210784,8.037750855,FR,nced35,3,1
81,3.325487929,10.72096123,FR,nced35,3,1
82,3.442310666,9.151774461,FR,nced35,3,1
83,2.351800112,8.327827653,FR,nced35,3,1
84,2.456495065,8.772100564,FR,nced35,3,1
85,2.463425227,11.38873188,FR,nced35,3,1
86,2.91289576,8.588698766,FR,nced35,3,1
87,3.682886304,11.23354574,FR,nced35,3,1
88,2.878987466,10.42345926,FR,nced35,3,1
89,2.432239497,8.752795111,FR,nced35,3,1
90,2.242155042,14.84663541,Predawn,Col-0,3,1
91,1.30410806,11.05954917,Predawn,Col-0,3,1
92,1.985244022,6.958625567,Predawn,Col-0,3,1
93,2.441644717,11.03455108,Predawn,Col-0,3,1
94,2.00776705,8.70750155,Predawn,Col-0,3,1
95,1.528348315,8.708244067,Predawn,Col-0,3,1
96,2.764144774,8.62260706,Predawn,Col-0,3,1
97,2.936656317,9.181475157,Predawn,Col-0,3,1
98,1.966433581,9.408685481,Predawn,Col-0,3,1
99,1.978066354,6.839822783,Predawn,Col-0,3,1
100,0.806868908,11.48921924,Predawn,Col-0,1,1
101,2.04489292,9.535655957,Predawn,Col-0,1,1
102,1.647646111,7.946916226,Predawn,Col-0,1,1
103,1.3783598,10.72937643,Predawn,Col-0,1,1
104,2.615641294,7.144254917,Predawn,Col-0,1,1
105,1.820157653,7.381860485,Predawn,Col-0,1,1
106,2.643361944,9.678714309,Predawn,Col-0,1,1
107,1.767933929,8.769378,Predawn,Col-0,1,1
108,1.239014035,10.70908095,Predawn,Col-0,1,1
109,2.936408811,8.333025274,Predawn,Col-0,1,1
110,4.886011998,12.79456483,WL,q1124,3,1
111,3.708131896,9.983393949,WL,q1124,3,1
112,2.712168556,7.338051958,WL,q1124,3,1
113,2.800280621,5.86291739,WL,q1124,3,1
114,3.484881664,15.12978205,WL,q1124,3,1
115,2.53990452,14.0694672,WL,q1124,3,1
116,3.2004975,8.793633568,WL,q1124,3,1
117,4.621428298,10.91797585,WL,q1124,3,1
118,3.949945062,7.888504858,WL,q1124,3,1
119,3.72199222,9.96210845,WL,q1124,3,1
0,3.145551212,14.50136482,Predawn,Col-0,2,1
1,2.691873081,7.488040473,Predawn,Col-0,2,1
2,1.528595821,8.406782003,Predawn,Col-0,2,1
3,0.656385382,8.644387571,Predawn,Col-0,2,1
4,1.070215079,10.66131234,Predawn,Col-0,2,1
5,1.29470284,12.8274831,Predawn,Col-0,2,1
6,0.965767632,10.711061,Predawn,Col-0,2,1
7,1.141001738,10.86971222,Predawn,Col-0,2,1
8,0.91874153,8.13056553,Predawn,Col-0,2,1
9,1.775359103,13.69499093,Predawn,Col-0,2,1
10,4.681819713,10.19798148,FR,bg1,3,1
11,2.241165019,11.02638339,FR,bg1,3,1
12,3.027738451,7.844448825,FR,bg1,3,1
13,1.79441705,9.22256112,FR,bg1,3,1
14,1.578096981,9.19484047,FR,bg1,3,1
15,1.688979579,10.78308519,FR,bg1,3,1
16,1.592699823,9.190880377,FR,bg1,3,1
17,1.539733582,9.491352418,FR,bg1,3,1
18,1.783031783,7.069013154,FR,bg1,3,1
19,1.66596154,8.350845692,FR,bg1,3,1
20,2.191663859,10.28213345,FR,nced35,2,1
21,4.058600108,6.840317795,FR,nced35,2,1
22,2.695833174,11.37932666,FR,nced35,2,1
23,4.437283982,6.703199581,FR,nced35,2,1
24,2.518124009,13.4294172,FR,nced35,2,1
25,3.102732709,10.58384302,FR,nced35,2,1
26,2.246857652,7.266770288,FR,nced35,2,1
27,2.231512293,10.6343342,FR,nced35,2,1
28,2.306259044,11.68054122,FR,nced35,2,1
29,4.459064493,7.022977075,FR,nced35,2,1
30,2.686427953,15.43668924,Predawn,nced35,1,1
31,2.678012756,8.252338384,Predawn,nced35,1,1
32,1.878816528,9.979681362,Predawn,nced35,1,1
33,2.584455564,7.815490647,Predawn,nced35,1,1
34,2.568120181,6.924222261,Predawn,nced35,1,1
35,3.606159506,11.78498867,Predawn,nced35,1,1
36,2.909430679,7.11108914,Predawn,nced35,1,1
37,2.272103244,11.77731599,Predawn,nced35,1,1
38,3.375979112,13.26358832,Predawn,nced35,1,1
39,2.981949878,14.38454208,Predawn,nced35,1,1
40,4.008356431,12.95197851,FR,q1124,2,1
41,4.056867568,9.206225737,FR,q1124,2,1
42,2.806468266,9.23963902,FR,q1124,2,1
43,2.290171167,8.2914443,FR,q1124,2,1
44,3.346525922,12.39731802,FR,q1124,2,1
45,2.958684333,8.023148013,FR,q1124,2,1
46,2.053308117,10.9924751,FR,q1124,2,1
47,3.567548601,9.583672082,FR,q1124,2,1
48,3.085407303,8.506031829,FR,q1124,2,1
49,3.51458236,11.28403693,FR,q1124,2,1
50,3.044816352,12.02655433,WL,q1124,1,1
51,2.57703039,8.507516863,WL,q1124,1,1
52,2.820576097,10.96227939,WL,q1124,1,1
53,4.102656141,12.69704754,WL,q1124,1,1
54,2.456742571,9.078017732,WL,q1124,1,1
55,2.636184276,9.570554274,WL,q1124,1,1
56,2.720336248,12.96336378,WL,q1124,1,1
57,4.696175049,15.90645525,WL,q1124,1,1
58,3.626702487,13.46827561,WL,q1124,1,1
59,3.498246977,7.06629059,WL,q1124,1,1
60,3.198022442,9.574761873,FR,q1124,3,1
61,3.732882476,8.72754952,FR,q1124,3,1
62,1.184067747,11.84909267,FR,q1124,3,1
63,3.855397847,8.191699463,FR,q1124,3,1
64,1.516963048,9.072077593,FR,q1124,3,1
65,2.861167048,7.969934266,FR,q1124,3,1
66,2.555249879,6.7893316,FR,q1124,3,1
67,2.007519544,8.357033337,FR,q1124,3,1
68,4.189530677,11.11301042,FR,q1124,3,1
69,2.735929113,9.800982174,FR,q1124,3,1
70,3.896236304,10.47568299,WL,Col-0,1,1
71,2.172358407,9.961365933,WL,Col-0,1,1
72,1.826345298,8.784475854,WL,Col-0,1,1
73,2.007519544,9.7423233,WL,Col-0,1,1
74,1.901587061,14.31227039,WL,Col-0,1,1
75,2.488423313,11.06548931,WL,Col-0,1,1
76,2.325564497,7.880337166,WL,Col-0,1,1
77,3.894256257,10.82095358,WL,Col-0,1,1
78,2.201811597,10.32742701,WL,Col-0,1,1
79,2.69014054,10.3823733,WL,Col-0,1,1
0,2.302793963,8.772595575,FR,q1124,2,2
1,2.291161191,7.866971853,FR,q1124,2,2
2,3.392562001,8.333767792,FR,q1124,2,2
3,1.951335727,9.652973706,FR,q1124,2,2
4,2.572822791,11.57634128,FR,q1124,2,2
5,3.192329808,8.430790065,FR,q1124,2,2
6,3.237375864,7.682580032,FR,q1124,2,2
7,3.355683636,7.219001669,FR,q1124,2,2
8,3.423995237,13.49253118,FR,q1124,2,2
9,3.059171688,9.036189252,FR,q1124,2,2
10,3.483149123,8.211004915,FR,q1124,3,2
11,2.21814698,10.83852649,FR,q1124,3,2
12,1.959255913,9.651736177,FR,q1124,3,2
13,2.282003476,9.035199229,FR,q1124,3,2
14,2.220869543,6.811607122,FR,q1124,3,2
15,2.469860378,11.3681889,FR,q1124,3,2
16,1.295445357,9.103758336,FR,q1124,3,2
17,2.279033406,10.80709325,FR,q1124,3,2
18,3.034668614,6.98733624,FR,q1124,3,2
19,3.467308752,9.405467906,FR,q1124,3,2
20,1.117736193,9.275774867,WL,Col-0,2,2
21,2.180773604,7.680104974,WL,Col-0,2,2
22,0.773950637,9.251271792,WL,Col-0,2,2
23,1.872628883,10.54696466,WL,Col-0,2,2
24,3.458893555,13.02177515,WL,Col-0,2,2
25,2.14092517,10.5957233,WL,Col-0,2,2
26,2.592870761,9.48417475,WL,Col-0,2,2
27,2.1037993,13.34254267,WL,Col-0,2,2
28,2.142905216,8.447867966,WL,Col-0,2,2
29,2.599553417,7.963004103,WL,Col-0,2,2
30,2.543122095,10.65883728,FR,bg1,2,2
31,1.807287352,9.528230783,FR,bg1,2,2
32,2.514658928,7.034609848,FR,bg1,2,2
33,2.140430158,6.811854628,FR,bg1,2,2
34,3.052736537,7.509078466,FR,bg1,2,2
35,2.67603271,10.75313699,FR,bg1,2,2
36,2.288191121,8.667653116,FR,bg1,2,2
37,3.009175516,9.235926433,FR,bg1,2,2
38,2.423576794,8.614934381,FR,bg1,2,2
39,2.190673836,5.991620406,FR,bg1,2,2
40,2.044150402,10.39994621,FR,bg1,1,2
41,2.53990452,5.724809154,FR,bg1,1,2
42,2.475058,14.37266181,FR,bg1,1,2
43,2.829733811,7.425174,FR,bg1,1,2
44,2.281260959,14.02120357,FR,bg1,1,2
45,2.363432884,7.266770288,FR,bg1,1,2
46,1.783526795,10.47939557,FR,bg1,1,2
47,2.921558463,12.58492741,FR,bg1,1,2
48,1.448156436,7.860289196,FR,bg1,1,2
49,2.174338453,8.836699577,FR,bg1,1,2
50,3.703429285,10.46875282,FR,nced35,2,2
51,3.679421223,9.215878463,FR,nced35,2,2
52,3.638830272,6.697011936,FR,nced35,2,2
53,4.07914309,8.865905262,FR,nced35,2,2
54,3.569776153,7.28137313,FR,nced35,2,2
55,6.966050741,12.09486593,FR,nced35,2,2
56,4.062560201,11.90354395,FR,nced35,2,2
57,3.743525225,9.009458626,FR,nced35,2,2
58,4.436046453,9.967801083,FR,nced35,2,2
59,2.986157477,6.362384095,FR,nced35,2,2
60,0.866765312,14.04719168,Predawn,Col-0,3,2
61,0.540305161,9.920774981,Predawn,Col-0,3,2
62,0.334627842,7.845191343,Predawn,Col-0,3,2
63,0.876170532,9.035941746,Predawn,Col-0,3,2
64,0.624209628,10.86500961,Predawn,Col-0,3,2
65,0.678413398,10.7622947,Predawn,Col-0,3,2
66,0.666533119,12.08273814,Predawn,Col-0,3,2
67,0.534117516,8.85130242,Predawn,Col-0,3,2
68,0.561095649,10.74422678,Predawn,Col-0,3,2
69,0.550947911,11.57881634,Predawn,Col-0,3,2
70,3.352961073,10.78259018,WL,q1124,2,2
71,2.918588394,10.34128734,WL,q1124,2,2
72,1.25930951,12.07556048,WL,q1124,2,2
73,4.642466291,9.96507852,WL,q1124,2,2
74,3.735605039,12.12134905,WL,q1124,2,2
75,3.944252429,8.762942849,WL,q1124,2,2
76,3.783621165,9.789596907,WL,q1124,2,2
77,4.385060259,10.3868284,WL,q1124,2,2
78,2.23992749,9.560406537,WL,q1124,2,2
79,5.480273424,16.03738582,WL,q1124,2,2
80,4.00662389,12.19857086,Predawn,nced35,1,2
81,3.980388276,11.10533774,Predawn,nced35,1,2
82,2.208494253,6.662113619,Predawn,nced35,1,2
83,4.497922903,10.98009981,Predawn,nced35,1,2
84,3.032936073,9.668319065,Predawn,nced35,1,2
85,2.330514613,6.570041461,Predawn,nced35,1,2
86,2.514411422,8.073886702,Predawn,nced35,1,2
87,3.543788044,10.00195688,Predawn,nced35,1,2
88,4.436788971,10.90906564,Predawn,nced35,1,2
89,6.851703061,12.11293385,Predawn,nced35,1,2
90,0.664305567,8.466183395,WL,Col-0,1,2
91,0.464073375,9.069107524,WL,Col-0,1,2
92,0.706134047,10.69051802,WL,Col-0,1,2
93,1.178127608,7.827370925,WL,Col-0,1,2
94,1.369944603,7.456112225,WL,Col-0,1,2
95,1.596164904,5.540912345,WL,Col-0,1,2
96,0.886565776,7.407353582,WL,Col-0,1,2
97,1.094718153,10.69794319,WL,Col-0,1,2
98,2.784687756,12.69011738,WL,Col-0,1,2
99,0.641782539,7.645701668,WL,Col-0,1,2
100,1.177385091,10.19600143,Predawn,q1124,1,2
101,2.074593616,12.31737364,Predawn,q1124,1,2
102,2.551289786,9.666091513,Predawn,q1124,1,2
103,1.46968944,6.17823978,Predawn,q1124,1,2
104,1.384299939,7.772177132,Predawn,q1124,1,2
105,2.557972443,9.024803985,Predawn,q1124,1,2
106,1.780309219,9.314633277,Predawn,q1124,1,2
107,1.256339441,11.22537805,Predawn,q1124,1,2
108,1.120706262,14.03308385,Predawn,q1124,1,2
109,1.308563165,10.45340746,Predawn,q1124,1,2
0,2.74261177,10.20565416,WL,q1124,1,2
1,3.509632244,5.550317565,WL,q1124,1,2
2,3.013878127,6.346048712,WL,q1124,1,2
3,3.835349877,12.06219516,WL,q1124,1,2
4,3.237870876,13.38437115,WL,q1124,1,2
5,2.505996225,9.636143311,WL,q1124,1,2
6,3.260393903,8.347628117,WL,q1124,1,2
7,2.929231143,9.819050098,WL,q1124,1,2
8,4.027414378,6.572269013,WL,q1124,1,2
9,4.542226442,10.81204337,WL,q1124,1,2
10,6.698991983,13.45268275,FR,nced35,1,2
11,4.349666929,10.45266495,FR,nced35,1,2
12,2.765134798,6.046071682,FR,nced35,1,2
13,4.13037679,8.191451957,FR,nced35,1,2
14,4.980311708,14.41968791,FR,nced35,1,2
15,4.347686883,8.487716399,FR,nced35,1,2
16,4.412285897,8.980005436,FR,nced35,1,2
17,4.539503878,14.28355972,FR,nced35,1,2
18,4.358824644,10.77046239,FR,nced35,1,2
19,2.668855041,7.345972144,FR,nced35,1,2
20,1.021456437,7.024709616,WL,q1124,3,2
21,2.031280101,11.1976574,WL,q1124,3,2
22,3.65071055,12.50894313,WL,q1124,3,2
23,3.9771707,8.3981193,WL,q1124,3,2
24,1.663238976,10.02918252,WL,q1124,3,2
25,2.947299066,9.575999402,WL,q1124,3,2
26,2.670835088,8.522367211,WL,q1124,3,2
27,2.771569948,14.43726082,WL,q1124,3,2
28,3.107435319,9.198553057,WL,q1124,3,2
29,1.982273952,11.07489453,WL,q1124,3,2
0,2.097611655,8.340450448,WL,bg1,3,2
1,1.839710611,9.315128289,WL,bg1,3,2
2,1.116003652,8.400841864,WL,bg1,3,2
3,1.330591181,7.657581946,WL,bg1,3,2
4,2.389420993,8.528059845,WL,bg1,3,2
5,2.336207246,9.377747256,WL,bg1,3,2
6,1.290990253,9.014161236,WL,bg1,3,2
7,2.559704984,13.66999284,WL,bg1,3,2
8,2.351552606,7.910532874,WL,bg1,3,2
9,2.580247965,7.219991692,WL,bg1,3,2
10,0.695243792,6.858385718,Predawn,bg1,2,2
11,0.679155915,10.1861012,Predawn,bg1,2,2
12,0.575450985,9.195830493,Predawn,bg1,2,2
13,0.58634124,9.725740411,Predawn,bg1,2,2
14,0.983340543,9.020348881,Predawn,bg1,2,2
15,0.625694662,9.087670459,Predawn,bg1,2,2
16,1.33182871,8.048888616,Predawn,bg1,2,2
17,0.808601449,7.207863908,Predawn,bg1,2,2
18,2.076573662,10.43954714,Predawn,bg1,2,2
19,1.728333001,11.67509609,Predawn,bg1,2,2
0,1.883519138,7.591002886,FR,Col-0,1,2
1,0.900921112,7.832321041,FR,Col-0,1,2
2,1.745905913,6.634392969,FR,Col-0,1,2
3,0.789543502,7.92785828,FR,Col-0,1,2
4,0.744992458,10.54696466,FR,Col-0,1,2
5,0.899436077,7.920433106,FR,Col-0,1,2
6,0.70068892,8.3981193,FR,Col-0,1,2
7,1.025169024,8.469648476,FR,Col-0,1,2
8,1.86569872,6.803191925,FR,Col-0,1,2
9,1.808029869,8.45702568,FR,Col-0,1,2
0,0.537830103,10.18461616,Predawn,Col-0,1,2
1,1.089768037,7.34621965,Predawn,Col-0,1,2
2,0.563075695,8.324610077,Predawn,Col-0,1,2
3,1.772884045,6.756165823,Predawn,Col-0,1,2
4,0.967005161,11.159294,Predawn,Col-0,1,2
5,0.709599129,10.60587104,Predawn,Col-0,1,2
6,1.738975751,5.843116926,Predawn,Col-0,1,2
7,0.829639442,10.24550259,Predawn,Col-0,1,2
8,0.73014211,7.488040473,Predawn,Col-0,1,2
9,2.187951272,14.15361917,Predawn,Col-0,1,2
10,2.518124009,9.326018544,Predawn,q1124,3,2
11,1.438256204,10.89075021,Predawn,q1124,3,2
12,2.292646225,9.667576548,Predawn,q1124,3,2
13,2.786915308,6.614097493,Predawn,q1124,3,2
14,2.92997366,7.09871385,Predawn,q1124,3,2
15,1.703829927,10.7068534,Predawn,q1124,3,2
16,0.850429929,8.619389485,Predawn,q1124,3,2
17,2.107511887,9.465364309,Predawn,q1124,3,2
18,2.389420993,9.172069936,Predawn,q1124,3,2
19,2.300071399,6.069337228,Predawn,q1124,3,2
0,1.395932712,10.65462968,WL,Col-0,3,2
1,1.931287757,9.414873126,WL,Col-0,3,2
2,3.020065772,7.146977481,WL,Col-0,3,2
3,2.088701446,8.748340007,WL,Col-0,3,2
4,1.923615078,6.950705381,WL,Col-0,3,2
5,2.282003476,7.124206947,WL,Col-0,3,2
6,2.843841642,6.747008108,WL,Col-0,3,2
7,2.926013568,10.93059865,WL,Col-0,3,2
8,1.91346734,11.69563907,WL,Col-0,3,2
9,2.028557537,7.587785311,WL,Col-0,3,2
10,3.228218149,8.235260483,Predawn,q1124,2,2
11,3.65541316,9.146329333,Predawn,q1124,2,2
12,2.963881955,7.961766574,Predawn,q1124,2,2
13,2.823793672,9.805189773,Predawn,q1124,2,2
14,2.229779752,8.298374462,Predawn,q1124,2,2
15,3.28885707,10.06185329,Predawn,q1124,2,2
16,2.98244489,7.763266923,Predawn,q1124,2,2
17,2.691873081,6.011668376,Predawn,q1124,2,2
18,2.451792455,9.177515064,Predawn,q1124,2,2
19,1.922130043,8.717896793,Predawn,q1124,2,2
20,3.141343614,12.16466256,FR,bg1,3,2
21,1.888964266,8.340450448,FR,bg1,3,2
22,3.039371224,12.21663878,FR,bg1,3,2
23,2.213196864,7.145987458,FR,bg1,3,2
24,2.928736131,8.542662687,FR,bg1,3,2
25,1.675119254,6.848485486,FR,bg1,3,2
26,3.570766177,13.17201117,FR,bg1,3,2
27,2.122114729,9.104500853,FR,bg1,3,2
28,1.81916763,8.943622083,FR,bg1,3,2
29,1.816940078,11.21844789,FR,bg1,3,2
30,1.788724417,7.700895461,FR,Col-0,3,2
31,1.935000344,7.730596157,FR,Col-0,3,2
32,1.000418444,7.777127248,FR,Col-0,3,2
33,2.299328882,4.742458634,FR,Col-0,3,2
34,0.563323201,8.453313093,FR,Col-0,3,2
35,1.983758987,8.013990298,FR,Col-0,3,2
36,0.749695068,7.644216633,FR,Col-0,3,2
37,1.566464208,7.897662572,FR,Col-0,3,2
38,0.637822447,8.235012978,FR,Col-0,3,2
39,1.08605545,7.684065067,FR,Col-0,3,2
40,2.562922559,10.08709888,Predawn,bg1,3,2
41,2.104789323,8.296394416,Predawn,bg1,3,2
42,5.45280028,15.41837381,Predawn,bg1,3,2
43,3.045311363,8.400841864,Predawn,bg1,3,2
44,2.320614381,6.07923746,Predawn,bg1,3,2
45,1.970146168,8.179076667,Predawn,bg1,3,2
46,0.930621808,8.750815065,Predawn,bg1,3,2
47,3.303212407,9.071582582,Predawn,bg1,3,2
48,3.316082708,9.206720748,Predawn,bg1,3,2
49,2.02014234,8.552810425,Predawn,bg1,3,2
50,4.822403007,8.714926724,FR,nced35,3,2
51,4.406593263,8.370646156,FR,nced35,3,2
52,5.243905385,9.010201143,FR,nced35,3,2
53,5.600561242,11.31151007,FR,nced35,3,2
54,4.400158112,10.48558322,FR,nced35,3,2
55,6.095077831,11.88102092,FR,nced35,3,2
56,3.130700864,9.1235588,FR,nced35,3,2
57,3.737585086,9.190385366,FR,nced35,3,2
58,1.680811888,7.123959441,FR,nced35,3,2
59,4.974124063,11.28898704,FR,nced35,3,2
0,4.892694654,11.671136,WL,nced35,3,2
1,2.99952279,8.283524114,WL,nced35,3,2
2,5.770102715,12.9128726,WL,nced35,3,2
3,5.207274526,10.9286186,WL,nced35,3,2
4,5.891875569,13.86626494,WL,nced35,3,2
5,3.286877024,8.898823533,WL,nced35,3,2
6,3.737832592,7.860289196,WL,nced35,3,2
7,5.58892847,11.5986168,WL,nced35,3,2
8,2.903985551,11.48055653,WL,nced35,3,2
9,4.909030037,8.844372257,WL,nced35,3,2
10,3.353951096,8.946344647,FR,q1124,1,2
11,2.855226909,10.48211814,FR,q1124,1,2
12,2.627769079,9.96978113,FR,q1124,1,2
13,2.863642106,6.622265185,FR,q1124,1,2
14,3.212625284,10.44301222,FR,q1124,1,2
15,3.708626907,12.36934986,FR,q1124,1,2
16,1.496667573,8.3810414,FR,q1124,1,2
17,2.770579925,12.88539945,FR,q1124,1,2
18,2.149092861,12.13768443,FR,q1124,1,2
19,3.021798312,8.225607757,FR,q1124,1,2
0,3.011650574,11.06152921,WL,bg1,2,2
1,3.820499529,9.451256479,WL,bg1,2,2
2,2.770579925,7.429381599,WL,bg1,2,2
3,3.751940422,9.848255782,WL,bg1,2,2
4,3.938559795,11.94586744,WL,bg1,2,2
5,3.089614901,8.065966516,WL,bg1,2,2
6,3.059914205,8.844124751,WL,bg1,2,2
7,5.433247322,9.995026721,WL,bg1,2,2
8,2.532479346,10.51751147,WL,bg1,2,2
9,1.91346734,10.3610878,WL,bg1,2,2
10,1.76966647,6.340603584,FR,Col-0,2,2
11,1.108330972,9.99626425,FR,Col-0,2,2
12,1.617202897,7.363545056,FR,Col-0,2,2
13,0.800928769,10.35415764,FR,Col-0,2,2
14,1.80208973,7.62317864,FR,Col-0,2,2
15,0.752665138,9.502737685,FR,Col-0,2,2
16,0.590548839,10.14006512,FR,Col-0,2,2
17,0.903643676,7.527888907,FR,Col-0,2,2
18,2.209236771,6.62548276,FR,Col-0,2,2
19,0.944482133,10.66155984,FR,Col-0,2,2
0,3.765553241,10.68606292,WL,bg1,1,2
1,2.31888184,10.17793351,WL,bg1,1,2
2,3.68313381,7.804352886,WL,bg1,1,2
3,2.339177316,12.74481616,WL,bg1,1,2
4,3.795006431,13.80240844,WL,bg1,1,2
5,2.202059103,6.366096682,WL,bg1,1,2
6,2.224829636,11.22463554,WL,bg1,1,2
7,2.778995122,10.56924018,WL,bg1,1,2
8,2.095631609,9.103015818,WL,bg1,1,2
9,3.227723138,12.07036285,WL,bg1,1,2
10,8.795366109,13.36160061,WL,nced35,2,2
11,4.956303645,14.70728965,WL,nced35,2,2
12,3.162134101,12.68021715,WL,nced35,2,2
13,5.012487462,10.75635456,WL,nced35,2,2
14,7.245732295,16.10223234,WL,nced35,2,2
15,7.145987458,18.562935,WL,nced35,2,2
16,5.122132531,9.628718137,WL,nced35,2,2
17,4.009098948,8.919861526,WL,nced35,2,2
18,5.156288331,10.47840555,WL,nced35,2,2
19,5.74510463,10.4123215,WL,nced35,2,2
0,2.066178418,11.11870305,Predawn,bg1,1,2
1,2.152062931,14.38157201,Predawn,bg1,1,2
2,1.555078941,9.487392326,Predawn,bg1,1,2
3,1.505577781,7.188805961,Predawn,bg1,1,2
4,1.237529,8.896843487,Predawn,bg1,1,2
5,1.518695589,7.494475624,Predawn,bg1,1,2
6,1.960988453,8.520139659,Predawn,bg1,1,2
7,1.082837875,12.4777574,Predawn,bg1,1,2
8,0.941017052,6.088147668,Predawn,bg1,1,2
9,1.997371806,6.573259036,Predawn,bg1,1,2
10,4.253882185,10.64769952,WL,nced35,1,2
11,5.409486765,11.38749435,WL,nced35,1,2
12,3.616307244,6.739087922,WL,nced35,1,2
13,6.102007993,9.856918485,WL,nced35,1,2
14,6.039636532,16.07970931,WL,nced35,1,2
15,4.062560201,7.413788733,WL,nced35,1,2
16,5.265438389,10.03933026,WL,nced35,1,2
17,4.67018694,12.51909087,WL,nced35,1,2
18,4.347191871,8.98446054,WL,nced35,1,2
19,3.026748428,7.29201588,WL,nced35,1,2
20,0.412592169,12.21614377,Predawn,Col-0,2,2
21,0.40838457,12.61462811,Predawn,Col-0,2,2
22,1.240994081,10.93604377,Predawn,Col-0,2,2
23,0.926909221,7.715498303,Predawn,Col-0,2,2
24,1.17268248,10.75932463,Predawn,Col-0,2,2
25,0.944482133,10.22644464,Predawn,Col-0,2,2
26,1.89638944,6.839327771,Predawn,Col-0,2,2
27,0.806868908,8.81887916,Predawn,Col-0,2,2
28,0.6187645,12.88020183,Predawn,Col-0,2,2
29,0.982845532,6.608157354,Predawn,Col-0,2,2
30,5.341917681,11.42759029,Predawn,nced35,2,2
31,4.02667186,8.742647373,Predawn,nced35,2,2
32,4.117753995,8.942384554,Predawn,nced35,2,2
33,3.786343728,8.198629625,Predawn,nced35,2,2
34,3.781146107,8.243180669,Predawn,nced35,2,2
35,3.998703705,11.4365005,Predawn,nced35,2,2
36,4.310313507,8.987183104,Predawn,nced35,2,2
37,4.331103994,15.3668926,Predawn,nced35,2,2
38,4.588015015,9.35868931,Predawn,nced35,2,2
39,3.682886304,8.204569764,Predawn,nced35,2,2
0,1.09372813,7.855091575,Predawn,bg1,2,3
1,1.863718674,11.95576767,Predawn,bg1,2,3
2,0.518524651,9.304980551,Predawn,bg1,2,3
3,1.730808059,6.086415128,Predawn,bg1,2,3
4,0.802661309,7.227911877,WL,Col-0,1,3
5,2.573565308,12.74432115,WL,Col-0,1,3
6,1.281337527,7.992209788,WL,Col-0,1,3
7,2.209731782,8.15234604,WL,Col-0,1,3
8,1.56225661,9.164644762,WL,Col-0,3,3
9,0.892505915,7.954588906,WL,Col-0,3,3
10,2.271113221,10.07398107,WL,Col-0,3,3
11,1.736995704,9.492342442,WL,Col-0,3,3
12,0.985073084,7.66797719,FR,Col-0,3,3
13,1.373904696,6.360156543,FR,Col-0,3,3
14,0.560353131,8.019435426,FR,Col-0,3,3
15,1.334551274,5.884945407,FR,Col-0,3,3
16,3.106940307,9.545061177,WL,nced35,2,3
17,5.433989839,9.636143311,WL,nced35,2,3
18,3.249008637,7.429381599,WL,nced35,2,3
19,2.765134798,8.60379662,WL,nced35,2,3
20,6.10572058,10.82788374,WL,nced35,2,3
21,4.431343843,9.279487454,WL,nced35,2,3
22,4.95481861,9.570554274,WL,nced35,2,3
23,6.28664732,10.92416349,WL,nced35,2,3
24,5.290683981,13.13414278,WL,nced35,1,3
25,3.403699762,9.059454797,WL,nced35,1,3
26,3.676946165,9.438633683,WL,nced35,1,3
27,3.77446345,12.57923478,WL,nced35,1,3
28,1.026406553,7.164302887,Predawn,bg1,1,3
29,0.542532714,11.14691871,Predawn,bg1,1,3
30,0.831371982,5.863164896,Predawn,bg1,1,3
31,1.481569719,4.324916349,Predawn,bg1,1,3
32,3.017343208,10.90560056,WL,q1124,1,3
33,3.252226212,10.00294691,WL,q1124,1,3
34,3.042836305,7.438044302,WL,q1124,1,3
35,1.615717862,7.390275682,WL,q1124,1,3
36,1.164514789,6.225018376,WL,Col-0,1,3
37,1.674376737,6.439605904,WL,Col-0,1,3
38,2.165923256,7.75930683,WL,Col-0,1,3
39,2.53693445,5.69560347,WL,Col-0,1,3
40,4.549651616,14.01971854,FR,nced35,2,3
41,4.609795525,9.900232,FR,nced35,2,3
42,2.248342687,8.139723245,FR,nced35,2,3
43,3.857872905,10.61131616,FR,nced35,2,3
44,4.016029111,11.76568321,Predawn,nced35,1,3
45,2.159735611,9.337898822,Predawn,nced35,1,3
46,2.021379869,7.481357817,Predawn,nced35,1,3
47,3.059171688,6.028498771,Predawn,nced35,1,3
48,1.577601969,8.069431597,Predawn,q1124,2,3
49,0.637822447,11.59317167,Predawn,q1124,2,3
50,2.333732188,6.658896043,Predawn,q1124,2,3
51,1.986976562,7.380127944,Predawn,q1124,2,3
52,2.104294312,6.538608224,FR,bg1,3,3
53,1.957770878,11.4919418,FR,bg1,3,3
54,1.146446866,7.532344011,FR,bg1,3,3
55,1.221193617,5.52234941,FR,bg1,3,3
56,5.900290766,14.65061082,Predawn,nced35,3,3
57,3.210397732,7.471457585,Predawn,nced35,3,3
58,5.102579573,15.77725722,Predawn,nced35,3,3
59,1.61349031,10.69249807,Predawn,nced35,3,3
60,4.455599412,8.572610889,FR,nced35,3,3
61,3.094070006,8.176106597,FR,nced35,3,3
62,2.353037641,8.17709662,FR,nced35,3,3
63,2.461197675,7.598180554,FR,nced35,3,3
64,2.507728766,7.878604626,WL,bg1,2,3
65,1.350639151,7.543481772,WL,bg1,2,3
66,0.990518212,5.07857151,WL,bg1,2,3
67,2.006282015,8.965897605,WL,bg1,2,3
68,4.206113565,8.620379508,WL,q1124,2,3
69,3.552450747,10.81501344,WL,q1124,2,3
70,3.809856779,7.092526205,WL,q1124,2,3
71,2.866117164,9.518825562,WL,q1124,2,3
72,1.018733873,7.460319824,FR,Col-0,2,3
73,1.936237873,11.51124725,FR,Col-0,2,3
74,2.029795066,8.160761238,FR,Col-0,2,3
75,1.25287436,7.434084209,FR,Col-0,2,3
76,5.119162461,9.481699692,WL,nced35,3,3
77,2.575297849,8.119180263,WL,nced35,3,3
78,4.22294396,8.322630031,WL,nced35,3,3
79,5.631004456,7.294243432,WL,nced35,3,3
80,1.784764324,9.878203984,Predawn,q1124,1,3
81,1.565721691,9.631193195,Predawn,q1124,1,3
82,1.773131551,8.378813847,Predawn,q1124,1,3
83,1.908517224,13.26928095,Predawn,q1124,1,3
84,3.013878127,13.80240844,FR,nced35,3,3
85,3.074022036,11.4023447,FR,nced35,3,3
86,3.648978009,6.583406774,FR,nced35,3,3
87,4.045977313,9.706682464,FR,nced35,3,3
88,1.609282712,6.189872552,Predawn,Col-0,2,3
89,1.476619603,6.879423711,Predawn,Col-0,2,3
90,2.076573662,7.804352886,Predawn,Col-0,2,3
91,1.287525172,15.3498147,Predawn,Col-0,2,3
92,1.213025926,12.39979307,Predawn,bg1,1,3
93,1.315493327,8.507269358,Predawn,bg1,1,3
94,1.148426912,8.330302711,Predawn,bg1,1,3
95,1.319948431,8.745122431,Predawn,bg1,1,3
96,2.692368092,8.703046445,WL,bg1,3,3
97,1.735015658,5.94310927,WL,bg1,3,3
98,1.798624649,8.246398244,WL,bg1,3,3
99,1.740955797,16.15470357,WL,bg1,3,3
100,1.392467631,7.23954465,Predawn,Col-0,3,3
101,0.953144836,9.155982059,Predawn,Col-0,3,3
102,0.936314441,10.41479656,Predawn,Col-0,3,3
103,0.788800985,7.378147898,Predawn,Col-0,3,3
104,2.241412525,10.7622947,Predawn,nced35,2,3
105,3.17277685,8.313472316,Predawn,nced35,2,3
106,1.093480624,11.95824273,Predawn,nced35,2,3
107,3.198022442,9.043861932,Predawn,nced35,2,3
108,1.213025926,10.18560619,WL,Col-0,3,3
109,1.463006784,10.53236181,WL,Col-0,3,3
110,1.429593501,8.993370749,WL,Col-0,3,3
111,1.584779637,9.179742616,WL,Col-0,3,3
112,3.064121804,8.404306945,Predawn,nced35,2,3
113,1.662743964,9.10351083,Predawn,nced35,2,3
114,2.520104056,8.918128986,Predawn,nced35,2,3
115,1.929555217,7.86301176,Predawn,nced35,2,3
116,5.717631486,7.527888907,WL,nced35,3,3
117,6.73983044,8.790168487,WL,nced35,3,3
118,4.584797439,7.130642098,WL,nced35,3,3
119,3.465576212,5.285981371,WL,nced35,3,3
0,3.987565944,14.24074121,FR,q1124,3,3
1,1.639725925,13.12399505,FR,q1124,3,3
2,3.156193962,5.850294595,FR,q1124,3,3
3,3.434390481,12.02828687,FR,q1124,3,3
4,0.84151972,7.559569649,Predawn,Col-0,1,3
5,1.046949534,9.413883103,Predawn,Col-0,1,3
6,0.628417226,8.784475854,Predawn,Col-0,1,3
7,1.670416644,6.032458863,Predawn,Col-0,1,3
8,1.592204811,6.595534558,WL,bg1,1,3
9,1.17268248,7.392255729,WL,bg1,1,3
10,1.87634147,10.99148507,WL,bg1,1,3
11,2.147855332,9.808654854,WL,bg1,1,3
12,2.629749125,7.109109093,Predawn,nced35,1,3
13,3.385136827,9.18543525,Predawn,nced35,1,3
14,3.323260377,10.95906181,Predawn,nced35,1,3
15,1.839710611,5.285486359,Predawn,nced35,1,3
16,2.380510784,11.38650433,FR,nced35,3,3
17,2.302051446,9.12058873,FR,nced35,3,3
18,2.080038743,6.197792738,FR,nced35,3,3
19,4.374417509,8.82358177,FR,nced35,3,3
20,1.755063628,10.68829047,Predawn,bg1,3,3
21,1.141001738,10.60686106,Predawn,bg1,3,3
22,1.796892108,7.812025565,Predawn,bg1,3,3
23,1.505577781,6.04384413,Predawn,bg1,3,3
24,2.228542223,7.279145578,Predawn,nced35,1,3
25,2.469365367,5.469135663,Predawn,nced35,1,3
26,3.521760028,7.488287979,Predawn,nced35,1,3
27,2.626036538,6.770026147,Predawn,nced35,1,3
28,1.881291586,7.468240009,Predawn,q1124,2,3
29,2.011479637,7.914492967,Predawn,q1124,2,3
30,0.373733758,9.134696561,Predawn,q1124,2,3
31,2.035735205,6.716069883,Predawn,q1124,2,3
32,0.87567552,7.882317213,FR,Col-0,3,3
33,0.597479001,10.68358786,FR,Col-0,3,3
34,0.550947911,8.93025677,FR,Col-0,3,3
35,0.443035382,11.63995027,FR,Col-0,3,3
36,1.301137991,8.654535309,FR,bg1,2,3
37,0.738557307,9.484422256,FR,bg1,2,3
38,0.790533525,8.888923301,FR,bg1,2,3
39,2.389420993,6.816062226,FR,bg1,2,3
40,1.958018384,8.435740181,FR,bg1,1,3
41,1.124913861,9.94503055,FR,bg1,1,3
42,1.829562874,7.736288791,FR,bg1,1,3
43,0.806868908,9.968791107,FR,bg1,1,3
0,2.04192285,7.312558861,FR,bg1,2,3
1,2.911658231,10.20020903,FR,bg1,2,3
2,1.949355681,7.055647841,FR,bg1,2,3
3,1.632795763,7.403640995,FR,bg1,2,3
4,3.174756897,9.510657871,FR,Col-0,2,3
5,2.582970529,9.451503985,FR,Col-0,2,3
6,2.297596341,7.380127944,FR,Col-0,2,3
7,1.707047503,12.58913501,FR,Col-0,2,3
8,1.910249764,9.088907988,FR,Col-0,1,3
9,2.097611655,7.697677886,FR,Col-0,1,3
10,1.417713222,9.568079216,FR,Col-0,1,3
11,0.944482133,13.04924829,FR,Col-0,1,3
12,1.145209337,11.40556228,FR,q1124,1,3
13,3.033926096,9.244589136,FR,q1124,1,3
14,2.68246786,7.942461122,FR,q1124,1,3
15,3.527452662,11.98744841,FR,q1124,1,3
16,2.900272964,9.156229565,Predawn,Col-0,2,3
17,1.612500287,7.252909963,Predawn,Col-0,2,3
18,0.553422969,12.58195734,Predawn,Col-0,2,3
19,1.700859858,6.324763213,Predawn,Col-0,2,3
20,4.493220293,9.962355956,WL,nced35,3,3
21,3.199259971,9.080987802,WL,nced35,3,3
22,2.758204635,7.722428466,WL,nced35,3,3
23,3.877673369,6.339366055,WL,nced35,3,3
24,2.61885887,8.126852943,Predawn,Col-0,3,3
25,0.846717342,7.457102248,Predawn,Col-0,3,3
26,1.550623837,6.321545638,Predawn,Col-0,3,3
27,2.218394485,11.55480827,Predawn,Col-0,3,3
28,0.644257597,7.846923883,Predawn,bg1,1,3
29,2.705980911,8.95203728,Predawn,bg1,1,3
30,0.966510149,7.587537805,Predawn,bg1,1,3
31,0.761080335,9.814347487,Predawn,bg1,1,3
32,5.342412693,10.20466413,FR,nced35,2,3
33,4.404365711,10.12051216,FR,nced35,2,3
34,3.435380504,9.686139483,FR,nced35,2,3
35,2.341652374,12.695315,FR,nced35,2,3
36,1.128378942,6.639838097,FR,Col-0,3,3
37,0.732369662,8.374853755,FR,Col-0,3,3
38,1.089768037,8.054581249,FR,Col-0,3,3
39,1.758033697,4.919177775,FR,Col-0,3,3
40,2.141172676,7.710053176,FR,bg1,2,3
41,1.899854521,7.312063849,FR,bg1,2,3
42,2.711921051,12.37355746,FR,bg1,2,3
43,1.450879,6.581921739,FR,bg1,2,3
44,1.164019777,7.268502829,Predawn,Col-0,2,3
45,1.372172155,8.577313499,Predawn,Col-0,2,3
46,2.011232131,6.534400626,Predawn,Col-0,2,3
47,1.312523257,8.337727885,Predawn,Col-0,2,3
48,1.798624649,9.848998299,WL,bg1,3,3
49,1.687989556,7.492248072,WL,bg1,3,3
50,1.725115426,12.92698043,WL,bg1,3,3
51,3.179954518,8.750815065,WL,bg1,3,3
52,2.669102547,8.953769821,FR,q1124,2,3
53,2.797558057,12.57972979,FR,q1124,2,3
54,2.453772501,8.917138962,FR,q1124,2,3
55,1.363756958,8.551077884,FR,q1124,2,3
56,2.469365367,7.756089255,Predawn,q1124,2,3
57,2.483720703,7.891474927,Predawn,q1124,2,3
58,1.704077433,11.82260955,Predawn,q1124,2,3
59,2.505996225,7.96028154,Predawn,q1124,2,3
60,1.727342978,9.753708566,Predawn,Col-0,3,3
61,2.006777026,7.464032411,Predawn,Col-0,3,3
62,0.667770648,7.476655206,Predawn,Col-0,3,3
63,1.627598141,5.55650521,Predawn,Col-0,3,3
64,1.845155739,15.04340252,WL,Col-0,2,3
65,1.623390542,10.0155697,WL,Col-0,2,3
66,2.048605507,10.38757092,WL,Col-0,2,3
67,1.037296808,13.36259064,WL,Col-0,2,3
68,1.542703651,13.14503304,FR,Col-0,2,3
69,1.56869176,8.837194589,FR,Col-0,2,3
70,1.743925867,8.67804836,FR,Col-0,2,3
71,1.723630391,7.654859382,FR,Col-0,2,3
72,0.919979059,11.19245978,Predawn,bg1,2,3
73,1.815950055,9.294832813,Predawn,bg1,2,3
74,2.917103359,6.45049616,Predawn,bg1,2,3
75,1.844165716,7.011344302,Predawn,bg1,2,3
76,2.364422907,6.121313446,WL,Col-0,3,3
77,2.631481666,10.39994621,WL,Col-0,3,3
78,2.903243034,12.06145265,WL,Col-0,3,3
79,0.907851274,7.858556656,WL,Col-0,3,3
80,3.065606839,8.621122026,FR,q1124,2,3
81,2.483225691,8.48474633,FR,q1124,2,3
82,0.969727724,6.523262865,FR,q1124,2,3
83,2.493125923,7.629118779,FR,q1124,2,3
84,2.392143557,8.695621271,FR,bg1,3,3
85,1.755063628,5.571603064,FR,bg1,3,3
86,1.917427433,7.574419997,FR,bg1,3,3
87,1.239261541,5.938654165,FR,bg1,3,3
88,4.222201442,12.30079075,FR,nced35,2,3
89,3.047043904,10.68779546,FR,nced35,2,3
90,2.088701446,7.440024348,FR,nced35,2,3
91,2.409963975,15.15552265,FR,nced35,2,3
92,3.543788044,10.1564005,FR,nced35,1,3
93,3.215842859,10.91649081,FR,nced35,1,3
94,1.96470104,12.51785334,FR,nced35,1,3
95,3.486119193,13.05890102,FR,nced35,1,3
96,2.166665773,11.91641425,Predawn,q1124,3,3
97,2.749294426,8.08106437,Predawn,q1124,3,3
98,2.508471283,6.523510371,Predawn,q1124,3,3
99,3.792283868,10.00591698,Predawn,q1124,3,3
100,2.095879114,12.09016332,WL,bg1,3,3
101,2.228294717,7.711043199,WL,bg1,3,3
102,1.999351852,12.503498,WL,bg1,3,3
103,1.675119254,8.462223302,WL,bg1,3,3
104,1.75729118,10.91401576,FR,q1124,1,3
105,1.159564673,12.04511726,FR,q1124,1,3
106,2.412686538,6.658896043,FR,q1124,1,3
107,2.47035539,8.954512338,FR,q1124,1,3
108,1.790704463,15.44114434,WL,Col-0,2,3
109,1.829067862,9.23196634,WL,Col-0,2,3
110,1.81149495,14.29469748,WL,Col-0,2,3
111,1.936237873,6.878681194,WL,Col-0,2,3
112,2.105779346,12.31588861,Predawn,q1124,1,3
113,1.832780449,13.12993518,Predawn,q1124,1,3
114,1.536020995,11.66024574,Predawn,q1124,1,3
115,1.919159973,8.131803059,Predawn,q1124,1,3
116,1.719175287,11.01796819,WL,q1124,1,3
117,3.182677082,9.776231594,WL,q1124,1,3
118,3.211882767,12.25475468,WL,q1124,1,3
119,1.219708582,13.03118037,WL,q1124,1,3
120,2.870572268,11.67757115,Predawn,nced35,3,3
121,2.429516933,9.457444124,Predawn,nced35,3,3
122,5.033277949,13.48980862,Predawn,nced35,3,3
123,2.520104056,9.469324402,Predawn,nced35,3,3
124,1.547158756,8.76170532,FR,Col-0,1,3
125,1.677841818,6.369314257,FR,Col-0,1,3
126,0.669255683,7.869941923,FR,Col-0,1,3
127,0.728162064,8.545385251,FR,Col-0,1,3
128,1.050167109,10.13164992,WL,Col-0,2,3
129,2.325812003,7.138562284,WL,Col-0,2,3
130,2.596583348,7.193261065,WL,Col-0,2,3
131,2.072118558,12.84010589,WL,Col-0,2,3
132,1.467461888,14.01204586,WL,q1124,1,3
133,3.32598294,7.128414546,WL,q1124,1,3
134,2.787162814,9.047574519,WL,q1124,1,3
135,3.372761537,8.136505669,WL,q1124,1,3
136,2.808695818,8.745122431,Predawn,nced35,3,3
137,5.808466114,14.07540734,Predawn,nced35,3,3
138,3.155203938,7.43457922,Predawn,nced35,3,3
139,3.694271571,9.445811351,Predawn,nced35,3,3
140,2.394371109,7.291520868,FR,bg1,1,3
141,2.646579519,8.020920461,FR,bg1,1,3
142,2.264430564,9.831920399,FR,bg1,1,3
143,1.837730565,8.12289285,FR,bg1,1,3
144,3.520027488,10.91104569,Predawn,q1124,3,3
145,2.900025459,8.685226028,Predawn,q1124,3,3
146,2.131024938,5.078324004,Predawn,q1124,3,3
147,2.275815831,7.272957933,Predawn,q1124,3,3
148,1.821395182,6.125026033,Predawn,bg1,2,3
149,2.49980858,7.500910775,Predawn,bg1,2,3
150,0.824936831,6.429953178,Predawn,bg1,2,3
151,2.435952084,5.120152485,Predawn,bg1,2,3
0,2.515401445,8.744379914,FR,q1124,3,3
1,2.45030742,9.973493717,FR,q1124,3,3
2,3.507404692,11.86419052,FR,q1124,3,3
3,1.919902491,10.68730044,FR,q1124,3,3
4,1.055117225,7.255385021,FR,bg1,1,3
5,2.371600576,7.104406483,FR,bg1,1,3
6,1.930297734,6.243828817,FR,bg1,1,3
7,1.185800288,7.744456482,FR,bg1,1,3
8,1.669674127,7.047975161,WL,bg1,2,3
9,2.548567223,10.84397162,WL,bg1,2,3
10,2.926508579,7.679362457,WL,bg1,2,3
11,1.13852668,10.79323293,WL,bg1,2,3
12,0.961065021,7.48705045,Predawn,Col-0,1,3
13,1.651358698,6.95961559,Predawn,Col-0,1,3
14,2.366402954,7.095496274,Predawn,Col-0,1,3
15,1.423405856,6.529698016,Predawn,Col-0,1,3
16,3.029223486,8.349113151,FR,q1124,3,3
17,1.092243095,11.37214899,FR,q1124,3,3
18,1.298662933,11.72855734,FR,q1124,3,3
19,3.117830563,5.844354455,FR,q1124,3,3
20,2.896065366,11.10088264,WL,nced35,1,3
21,2.794835494,10.24624511,WL,nced35,1,3
22,7.10044639,13.23091755,WL,nced35,1,3
23,4.516733344,7.44992458,WL,nced35,1,3
24,1.823622734,14.49542468,FR,q1124,1,3
25,1.343213977,8.275356423,FR,q1124,1,3
26,2.700288278,9.619065411,FR,q1124,1,3
27,1.319205914,12.28816796,FR,q1124,1,3
28,1.275644893,7.529868953,WL,Col-0,1,3
29,2.14562778,8.441680321,WL,Col-0,1,3
30,2.232997328,12.60274783,WL,Col-0,1,3
31,2.328039555,8.695621271,WL,Col-0,1,3
32,1.639973431,5.478293377,Predawn,bg1,3,3
33,1.032099186,7.332111819,Predawn,bg1,3,3
34,1.395932712,6.473761705,Predawn,bg1,3,3
35,2.341652374,10.93876634,Predawn,bg1,3,3
36,4.659296685,11.3040849,FR,nced35,1,3
37,4.144484621,10.73333652,FR,nced35,1,3
38,3.227723138,11.27809679,FR,nced35,1,3
39,3.848467684,10.05962574,FR,nced35,1,3
40,4.230369134,10.7964505,WL,nced35,1,3
41,2.47802807,8.724826956,WL,nced35,1,3
42,2.465900285,8.836452072,WL,nced35,1,3
43,1.765953883,10.80659824,WL,nced35,1,3
44,1.644428535,13.61900665,Predawn,q1124,1,3
45,3.189112233,10.98158484,Predawn,q1124,1,3
46,2.070138511,11.00782046,Predawn,q1124,1,3
47,2.072118558,8.295899404,Predawn,q1124,1,3
48,1.695909742,12.14832718,Predawn,q1124,3,3
49,3.161391583,14.67659893,Predawn,q1124,3,3
50,2.469365367,9.983393949,Predawn,q1124,3,3
51,2.389173487,7.605110717,Predawn,q1124,3,3
52,1.464491819,6.830912574,FR,Col-0,1,3
53,1.061799882,7.491010543,FR,Col-0,1,3
54,1.496667573,8.992628231,FR,Col-0,1,3
55,1.329848663,9.752718543,FR,Col-0,1,3
56,1.823622734,7.702628002,WL,bg1,2,3
57,1.510527897,8.761210308,WL,bg1,2,3
58,2.114689555,8.845857292,WL,bg1,2,3
59,1.577601969,9.085195401,WL,bg1,2,3
60,2.505748719,11.55926338,WL,bg1,1,3
61,2.575297849,9.59381982,WL,bg1,1,3
62,2.477285552,8.37510126,WL,bg1,1,3
63,2.475305506,10.18931877,WL,bg1,1,3
64,3.71728961,11.90453397,Predawn,nced35,2,3
65,3.763820701,12.22728153,Predawn,nced35,2,3
66,2.899530447,6.204970406,Predawn,nced35,2,3
67,3.678678705,10.09897916,Predawn,nced35,2,3
68,3.18812221,6.683399117,FR,nced35,1,3
69,4.238536825,9.079502767,FR,nced35,1,3
70,4.092508403,14.7481281,FR,nced35,1,3
71,4.350409447,9.619560423,FR,nced35,1,3
72,4.802602543,10.86723716,WL,q1124,2,3
73,3.745505271,9.336413788,WL,q1124,2,3
74,3.323507882,9.590354738,WL,q1124,2,3
75,3.147283753,9.975721269,WL,q1124,2,3
76,1.332818733,14.21351558,FR,q1124,2,3
77,2.746324357,8.358518372,FR,q1124,2,3
78,3.249751154,8.41989981,FR,q1124,2,3
79,3.26410649,7.749654104,FR,q1124,2,3
80,1.248666761,8.772595575,Predawn,bg1,3,3
81,0.803156321,6.76161095,Predawn,bg1,3,3
82,1.553346401,5.324097264,Predawn,bg1,3,3
83,0.825431843,6.006223249,Predawn,bg1,3,3
84,2.073108581,9.838603056,FR,bg1,3,3
85,1.350144139,6.465346508,FR,bg1,3,3
86,1.51275545,7.576895055,FR,bg1,3,3
87,2.227799706,6.368819246,FR,bg1,3,3
88,1.903319602,11.00311784,Predawn,Col-0,1,3
89,1.283565079,6.590584442,Predawn,Col-0,1,3
90,1.339006378,5.842126903,Predawn,Col-0,1,3
91,1.651358698,5.93246652,Predawn,Col-0,1,3
92,2.879977489,10.33064459,WL,bg1,1,3
93,1.459294197,7.19771617,WL,bg1,1,3
94,3.423995237,8.66740561,WL,bg1,1,3
95,2.735186596,6.281697204,WL,bg1,1,3
96,3.943757417,9.494569994,WL,nced35,2,3
97,2.792855447,7.660552016,WL,nced35,2,3
98,3.253711247,9.442098764,WL,nced35,2,3
99,2.552527315,7.582835195,WL,nced35,2,3
100,3.493791873,16.02525803,WL,q1124,3,3
101,3.131443382,12.22035137,WL,q1124,3,3
102,3.623979924,13.39748895,WL,q1124,3,3
103,2.366402954,7.583577712,WL,q1124,3,3
104,2.772807477,12.92376285,WL,q1124,3,3
105,2.601533464,13.44080247,WL,q1124,3,3
106,0.760585323,15.78171233,WL,q1124,3,3
107,4.800127485,9.123063788,WL,q1124,3,3
108,1.702839904,13.38486616,WL,q1124,2,3
109,2.479513104,9.834147951,WL,q1124,2,3
110,3.327715481,7.767969533,WL,q1124,2,3
111,2.444119775,6.435398306,WL,q1124,2,3
112,2.231017281,13.96180218,WL,q1124,3,3
113,0.87567552,11.84414255,WL,q1124,3,3
114,3.2004975,11.2144878,WL,q1124,3,3
115,2.398578708,8.172641516,WL,q1124,3,3